"nid","title","field_ramo_de_atuacao","field_ramo_de_atuacao","field_ramo_de_atuacao","field_ramo_de_atuacao","field_ramo_de_atuacao","field_ramo_de_atuacao","field_ramo_de_atuacao","field_ramo_de_atuacao","field_ramo_de_atuacao","field_ramo_de_atuacao","field_ramo_de_atuacao","field_ramo_de_atuacao","field_ramo_de_atuacao","field_ramo_de_atuacao","field_ramo_de_atuacao","field_ramo_de_atuacao","field_ramo_de_atuacao","field_ramo_de_atuacao","field_ramo_de_atuacao","field_ramo_de_atuacao","field_ramo_de_atuacao","field_ramo_de_atuacao","field_ramo_de_atuacao","field_ramo_de_atuacao","field_ramo_de_atuacao","field_ramo_de_atuacao","field_ramo_de_atuacao","field_ramo_de_atuacao","field_ramo_de_atuacao","field_ramo_de_atuacao","field_ramo_de_atuacao","field_ramo_de_atuacao","field_ramo_de_atuacao","field_ramo_de_atuacao","field_ramo_de_atuacao","field_ramo_de_atuacao","field_ramo_de_atuacao","field_ramo_de_atuacao","field_ramo_de_atuacao","field_ramo_de_atuacao","field_ramo_de_atuacao","field_ramo_de_atuacao","field_ramo_de_atuacao","field_ramo_de_atuacao"
3292,"SILCOST COMERCIO DE EQUIPAMENTOS DE INFORMATICA LTDA","Informática (suprimentos)",,,,,,,,,,,,,,,,,,,,,,,,,,,,,,,,,,,,,,,,,,,
3975,"SISTEMA DE SERVIÇOS RB. QUALITY COM.DE EMB.LTDA","Limpeza e higiene","Material descartável (copo, guardanapo, papel toalha, papel higiênico e outros)","Segurança e proteção - EPI",,,,,,,,,,,,,,,,,,,,,,,,,,,,,,,,,,,,,,,,,
3198,"IMFORMÓBILE INDUSTRIA E COMERCIO DE MOVEIS LTDA","Mobiliário",,,,,,,,,,,,,,,,,,,,,,,,,,,,,,,,,,,,,,,,,,,
3197,"BORTOLINI INDUSTRIA DE MÓVEIS LTDA","Mobiliário",,,,,,,,,,,,,,,,,,,,,,,,,,,,,,,,,,,,,,,,,,,
3293,"SUNTEL COMÉRCIO DE PRODUTOS DE INFORMÁTICA LTDA ME","Audiovisual","Informática (acessórios e equipamentos)","Informática (suprimentos)","Material elétrico","Telecomunicações",,,,,,,,,,,,,,,,,,,,,,,,,,,,,,,,,,,,,,,
3703,"Forma Certa Grafica Digital Ltda","Impressão gráfica","Livros",,,,,,,,,,,,,,,,,,,,,,,,,,,,,,,,,,,,,,,,,,
3205,"AMC INFORMATICA LTDA","Informática (acessórios e equipamentos)","Informática (softwares)","Informática (suprimentos)",,,,,,,,,,,,,,,,,,,,,,,,,,,,,,,,,,,,,,,,,
3199,"TEC IMPRES SERVIÇO DE MANUTENÇÃO DE MAQUINAS LTDA","Impressão gráfica",,,,,,,,,,,,,,,,,,,,,,,,,,,,,,,,,,,,,,,,,,,
3283,"EJS PARTICIPAÇÃO LTDA","Copa e cozinha","Limpeza e higiene","Material descartável (copo, guardanapo, papel toalha, papel higiênico e outros)",,,,,,,,,,,,,,,,,,,,,,,,,,,,,,,,,,,,,,,,,
3203,"POWER WATTS COM.MATERIAIS EM GERAL LTDA","Ferragens e ferramentas","Limpeza e higiene","Materiais e equipamentos para movimentação de carga","Material elétrico","Material hidráulico","Material para construção","Material para pintura","Refrigeração","Segurança e proteção","Segurança e proteção - EPI",,,,,,,,,,,,,,,,,,,,,,,,,,,,,,,,,,
3204,"Suntel Comercio de Produtos de Informatica Ltda","Audiovisual","Informática (acessórios e equipamentos)","Informática (suprimentos)","Material de escritório e desenho (papelaria)","Material elétrico","Telecomunicações",,,,,,,,,,,,,,,,,,,,,,,,,,,,,,,,,,,,,,
3207,"Razão Social: Lojas Matel Com. Ltda","Ferragens e ferramentas","Material elétrico","Material hidráulico","Material para construção",,,,,,,,,,,,,,,,,,,,,,,,,,,,,,,,,,,,,,,,
3206,"VIRTUALSERV.NET COMERCIO ELETRONICO LTDA.-ME","Encadernação de livros/revistas","Impressão gráfica","Informática (acessórios e equipamentos)","Informática (softwares)","Informática (suprimentos)","Livros",,,,,,,,,,,,,,,,,,,,,,,,,,,,,,,,,,,,,,
3200,"SDL ELETRO ELETRONICA LTDA-EPP","Audiovisual","Eletrodomésticos","Informática (acessórios e equipamentos)","Informática (softwares)","Informática (suprimentos)","Material descartável (copo, guardanapo, papel toalha, papel higiênico e outros)","Material elétrico","Material hidráulico","Segurança e proteção","Serviço de áudio e vídeo","Telecomunicações",,,,,,,,,,,,,,,,,,,,,,,,,,,,,,,,,
3201,"OXEDIO MULTIMIDIA COMERCIO DE ELETROELETRONICOS LTDA EPP","Audiovisual","Informática (acessórios e equipamentos)","Informática (softwares)","Informática (suprimentos)","Telecomunicações",,,,,,,,,,,,,,,,,,,,,,,,,,,,,,,,,,,,,,,
3664,"PMS COFFEE SOLUTIONS","Material descartável (copo, guardanapo, papel toalha, papel higiênico e outros)",,,,,,,,,,,,,,,,,,,,,,,,,,,,,,,,,,,,,,,,,,,
3215,"Souza & Soares Industria e Comercio de Moveis LTDA","Madeiras","Mobiliário","Mobiliário (móveis de aço)","Serviço de marcenaria",,,,,,,,,,,,,,,,,,,,,,,,,,,,,,,,,,,,,,,,
3217,"IHD DE ALMEIDA ME","Mobiliário","Mobiliário (móveis de aço)",,,,,,,,,,,,,,,,,,,,,,,,,,,,,,,,,,,,,,,,,,
3216,"Marcenaria CEA Móveis sob medida Ltda - ME","Madeiras","Mobiliário","Serviço de marcenaria",,,,,,,,,,,,,,,,,,,,,,,,,,,,,,,,,,,,,,,,,
3208,"STOP-CAR INDUSTRIA E COMERCIO LTDA - EPP","Ferragens e ferramentas","Materiais e equipamentos para movimentação de carga",,,,,,,,,,,,,,,,,,,,,,,,,,,,,,,,,,,,,,,,,,
3212,"STALO BAURU MOBILIÁRIO ESCOLAR LTDA","Mobiliário",,,,,,,,,,,,,,,,,,,,,,,,,,,,,,,,,,,,,,,,,,,
3214,"MAX LABOR PRODUTOS PARA LABORATÓRIO LTDA - ME","Material e equipamento de laboratório","Médico-hospitalar","Mobiliário (móveis de aço)","Segurança e proteção - EPI","Serviço de marcenaria",,,,,,,,,,,,,,,,,,,,,,,,,,,,,,,,,,,,,,,
3189,"ALVES ARGUELHO ENGENHARIA LTDA","Obras e serviços na construção civil","Serviço de marcenaria","Serviço de serralheria","Vidraçaria",,,,,,,,,,,,,,,,,,,,,,,,,,,,,,,,,,,,,,,,
3190,"PREMIER SHOP IMPORTAÇÃO E EXPORTAÇÃO LTDA","Audiovisual","Copa e cozinha","Eletrodomésticos","Ferragens e ferramentas","Gêneros alimentícios","Informática (acessórios e equipamentos)","Informática (softwares)","Informática (suprimentos)","Limpeza e higiene","Material de escritório e desenho (papelaria)","Material descartável (copo, guardanapo, papel toalha, papel higiênico e outros)","Material para eventos (sacola, caneta, chaveiro e outros)","Material para pintura",,,,,,,,,,,,,,,,,,,,,,,,,,,,,,,
2626,"Milani & Milani Ltda - ME","Tradução de textos","Tradução simultânea",,,,,,,,,,,,,,,,,,,,,,,,,,,,,,,,,,,,,,,,,,
2625,"Frank Mili Comercio de carpetes Ltda EPP","Tapeçaria e decoração",,,,,,,,,,,,,,,,,,,,,,,,,,,,,,,,,,,,,,,,,,,
3291,"SALES INDÚSTRIA E COMÉRCIO DE MÁQUINAS LTDA","Material descartável (copo, guardanapo, papel toalha, papel higiênico e outros)",,,,,,,,,,,,,,,,,,,,,,,,,,,,,,,,,,,,,,,,,,,
2721,"MASSIS TEC LTDA","Informática (acessórios e equipamentos)","Informática (softwares)","Informática (suprimentos)",,,,,,,,,,,,,,,,,,,,,,,,,,,,,,,,,,,,,,,,,
2720,"MARIA ANGELA DE MORAES-ME","Gêneros alimentícios",,,,,,,,,,,,,,,,,,,,,,,,,,,,,,,,,,,,,,,,,,,
2627,"Imprensa Oficial do Estado S/A - IMESP","Impressão gráfica",,,,,,,,,,,,,,,,,,,,,,,,,,,,,,,,,,,,,,,,,,,
2628,"LAVORE COMERCIO DE MOVEIS E CADEIRAS PARA ESCRITÓRIO  LTDA.  EPP","Mobiliário","Tapeçaria e decoração",,,,,,,,,,,,,,,,,,,,,,,,,,,,,,,,,,,,,,,,,,
2629,"FACIMAQ COM. MÓVEIS PARA ESCRITÓRIO ARARAQUARA LTDA - ME","Material e equipamento de laboratório","Informática (acessórios e equipamentos)","Mobiliário",,,,,,,,,,,,,,,,,,,,,,,,,,,,,,,,,,,,,,,,,
2630,"ELMAFLEX INDUSTRIA  E  COMERCIO  DE  MOVEIS  PARA ESCRITORIO LTDA.","Mobiliário",,,,,,,,,,,,,,,,,,,,,,,,,,,,,,,,,,,,,,,,,,,
2631,"ONIX MIDIA DIGITAL LTDA","Audiovisual","Impressão gráfica","Informática (acessórios e equipamentos)","Material e equipamento gráfico","Serviço de áudio e vídeo",,,,,,,,,,,,,,,,,,,,,,,,,,,,,,,,,,,,,,,
2634,"TEC IMPRES SERVIÇOS DE MANUTENÇÃO DE MÁQUINAS LTDA","Impressão gráfica",,,,,,,,,,,,,,,,,,,,,,,,,,,,,,,,,,,,,,,,,,,
2635,"SAM TECNOLOGIA EM INFORMATICA LTDA ME","Audiovisual","Eletrodomésticos","Informática (acessórios e equipamentos)","Informática (softwares)","Informática (suprimentos)",,,,,,,,,,,,,,,,,,,,,,,,,,,,,,,,,,,,,,,
2930,"RV Service Comercila Eletronica LTDA","Audiovisual","Informática (acessórios e equipamentos)","Informática (softwares)","Informática (suprimentos)","Segurança e proteção","Serviço de áudio e vídeo","Tapeçaria e decoração","Telecomunicações",,,,,,,,,,,,,,,,,,,,,,,,,,,,,,,,,,,,
2638,"MARTE INDUSTRIA DE MOBILIARIO LTDA EPP","Mobiliário",,,,,,,,,,,,,,,,,,,,,,,,,,,,,,,,,,,,,,,,,,,
2639,"BELLCOMSYS COM. E PREST. DE SERV. EM INFORMÁTICA LTDA.","Eletrodomésticos","Informática (acessórios e equipamentos)","Informática (softwares)","Informática (suprimentos)","Telecomunicações",,,,,,,,,,,,,,,,,,,,,,,,,,,,,,,,,,,,,,,
3122,"CASAGRANDE GOURMET BUFFET LTDA - ME","Copa e cozinha","Organização de eventos e buffet",,,,,,,,,,,,,,,,,,,,,,,,,,,,,,,,,,,,,,,,,,
2641,"Comércio de Materiais para Construção Parque Rio Pequeno Ltda","Ferragens e ferramentas","Material elétrico","Material hidráulico","Material para construção","Material para pintura",,,,,,,,,,,,,,,,,,,,,,,,,,,,,,,,,,,,,,,
2642,"EUNICE DE QUEIROZ MORAES OSASCO ME","Vidraçaria",,,,,,,,,,,,,,,,,,,,,,,,,,,,,,,,,,,,,,,,,,,
2643,"Artline Indústria e Comércio de Móveis Ltda","Mobiliário",,,,,,,,,,,,,,,,,,,,,,,,,,,,,,,,,,,,,,,,,,,
2644,"Diamantools Comércio e Serviços Ltda.-EPP","Informática (acessórios e equipamentos)","Telecomunicações",,,,,,,,,,,,,,,,,,,,,,,,,,,,,,,,,,,,,,,,,,
2645,"AIHA importação e Exportação Ltda.","Material elétrico",,,,,,,,,,,,,,,,,,,,,,,,,,,,,,,,,,,,,,,,,,,
2646,"TURISMO LUVERAN LTDA","Transportes",,,,,,,,,,,,,,,,,,,,,,,,,,,,,,,,,,,,,,,,,,,
2647,"E.R SOLUCOES INFORMÁTICA LTDA","Audiovisual","Eletrodomésticos","Informática (acessórios e equipamentos)","Informática (softwares)","Informática (suprimentos)","Telecomunicações",,,,,,,,,,,,,,,,,,,,,,,,,,,,,,,,,,,,,,
2648,"MAKTUB COMERCIO DE MATERIAIS EM GERAL LTDA","Eletrodomésticos","Ferragens e ferramentas","Material elétrico","Material hidráulico","Material para construção","Material para pintura","Material descartável (copo, guardanapo, papel toalha, papel higiênico e outros)","Serviço de serralheria","Vidraçaria",,,,,,,,,,,,,,,,,,,,,,,,,,,,,,,,,,,
2649,"alb da fonseca epp","Gêneros alimentícios","Limpeza e higiene","Médico-hospitalar",,,,,,,,,,,,,,,,,,,,,,,,,,,,,,,,,,,,,,,,,
2650,"ANTONIO CARLOS DIAS DA CONCEIÇÃO ME","Carimbos","Chaveiro","Comunicação visual (banners, faixas, sinalização e placas de identificação)","Serviço gráfico (afiação de faca gráfica)","Uniformes",,,,,,,,,,,,,,,,,,,,,,,,,,,,,,,,,,,,,,,
2651,"Intravideo Produtos e SErviços Ltda","Serviço de áudio e vídeo","Tradução de textos",,,,,,,,,,,,,,,,,,,,,,,,,,,,,,,,,,,,,,,,,,
2652,"POLOS DISTRIBUIDORA DE COMPONENTES ELETRONICOS E VARIEDADES LTDA","Material elétrico","Material descartável (copo, guardanapo, papel toalha, papel higiênico e outros)",,,,,,,,,,,,,,,,,,,,,,,,,,,,,,,,,,,,,,,,,,
2653,"RODRIGUES & OLIVEIRA EQUIPAMENTOS HOTELEIROS LTDA","Copa e cozinha","Eletrodomésticos",,,,,,,,,,,,,,,,,,,,,,,,,,,,,,,,,,,,,,,,,,
2654,"NHS Sistemas Eletrônicos Ltda","Informática (acessórios e equipamentos)",,,,,,,,,,,,,,,,,,,,,,,,,,,,,,,,,,,,,,,,,,,
2655,"INOVAMAX TELEINFORMATICA LIMITADA","Audiovisual","Informática (acessórios e equipamentos)","Informática (softwares)","Informática (suprimentos)",,,,,,,,,,,,,,,,,,,,,,,,,,,,,,,,,,,,,,,,
2656,"COMPUSET INFORMATICA LTDA - ME","Audiovisual","Material de escritório e desenho (papelaria)","Informática (acessórios e equipamentos)","Informática (softwares)","Informática (suprimentos)","Telecomunicações",,,,,,,,,,,,,,,,,,,,,,,,,,,,,,,,,,,,,,
2657,"NEW MASTER TINTAS LTDA EPP","Material para construção","Material para pintura",,,,,,,,,,,,,,,,,,,,,,,,,,,,,,,,,,,,,,,,,,
2658,"EXITO MONTAGENS E COMERCIO LTDA","Informática (suprimentos)",,,,,,,,,,,,,,,,,,,,,,,,,,,,,,,,,,,,,,,,,,,
3853,"Cross do Brasil Soluções e tecnologia Eireli - EPP","Telecomunicações",,,,,,,,,,,,,,,,,,,,,,,,,,,,,,,,,,,,,,,,,,,
2660,"COMAG COMÉRCIO DE FERRAMENTAS DORES DE CAMPOS LTDA","Ferragens e ferramentas","Madeiras","Material elétrico","Material hidráulico","Material para construção","Material para pintura","Segurança e proteção",,,,,,,,,,,,,,,,,,,,,,,,,,,,,,,,,,,,,
2661,"Comercial de Gas Oeste Ltda","Combustíveis, gases e lubrificantes",,,,,,,,,,,,,,,,,,,,,,,,,,,,,,,,,,,,,,,,,,,
2662,"FIANGRAF DISTRIBUIDORA DE PRODUTOS GRÁFICOS LTDA","Audiovisual","Informática (suprimentos)","Material e equipamento gráfico","Produtos químicos",,,,,,,,,,,,,,,,,,,,,,,,,,,,,,,,,,,,,,,,
2663,"MP DISTRIBUIDORA DE MATERIAIS LTDA EPP","Audiovisual","Chaveiro","Combustíveis, gases e lubrificantes","Comunicação visual (banners, faixas, sinalização e placas de identificação)","Eletrodomésticos","Ferragens e ferramentas","Impressão gráfica","Informática (acessórios e equipamentos)","Informática (softwares)","Informática (suprimentos)","Limpeza e higiene","Madeiras","Material de escritório e desenho (papelaria)","Material descartável (copo, guardanapo, papel toalha, papel higiênico e outros)","Material e equipamento de laboratório","Material e equipamento gráfico","Material elétrico","Material hidráulico","Material para construção","Material para pintura","Mobiliário","Papéis e cartões","Plantas, mudas e insumos","Segurança e proteção","Uniformes",,,,,,,,,,,,,,,,,,,
2664,"MUNDO ELETRICO ENGECAP LTDA","Ferragens e ferramentas","Material elétrico","Material hidráulico","Material para pintura",,,,,,,,,,,,,,,,,,,,,,,,,,,,,,,,,,,,,,,,
2665,"S. L. GONÇALVES CADEIRAS EPP","Mobiliário",,,,,,,,,,,,,,,,,,,,,,,,,,,,,,,,,,,,,,,,,,,
2666,"CASA PEDROSO MATERIAIS PARA CONSTRUÇÃO LTDA-EPP","Ferragens e ferramentas","Material elétrico","Material hidráulico","Material para construção","Material para pintura","Plantas, mudas e insumos",,,,,,,,,,,,,,,,,,,,,,,,,,,,,,,,,,,,,,
2667,"Best System Indústria Gráfica Ltda - EPP","Impressão gráfica",,,,,,,,,,,,,,,,,,,,,,,,,,,,,,,,,,,,,,,,,,,
2668,"GOLDEN DISTRIBUIDORA LTDA","Material de escritório e desenho (papelaria)","Informática (acessórios e equipamentos)","Informática (softwares)","Informática (suprimentos)","Papéis e cartões",,,,,,,,,,,,,,,,,,,,,,,,,,,,,,,,,,,,,,,
2669,"Aro 12 Duplicação e Impressão em Mídia Digital Ltda","Impressão gráfica","Material e equipamento gráfico","Papéis e cartões","Serviço de áudio e vídeo",,,,,,,,,,,,,,,,,,,,,,,,,,,,,,,,,,,,,,,,
2670,"Dsystem Indústria Gráfica Ltda - EPP","Impressão gráfica",,,,,,,,,,,,,,,,,,,,,,,,,,,,,,,,,,,,,,,,,,,
2671,"BRASLIMPO COMERCIAL LTDA.","Copa e cozinha","Limpeza e higiene","Material descartável (copo, guardanapo, papel toalha, papel higiênico e outros)","Produtos químicos",,,,,,,,,,,,,,,,,,,,,,,,,,,,,,,,,,,,,,,,
2672,"PLATAFORMA COMPUTADORES LTDA","Informática (acessórios e equipamentos)","Informática (softwares)",,,,,,,,,,,,,,,,,,,,,,,,,,,,,,,,,,,,,,,,,,
2673,"PROJECTOR VIDEO SERVICE COM MANUT EQUIP MULT LTDA","Audiovisual",,,,,,,,,,,,,,,,,,,,,,,,,,,,,,,,,,,,,,,,,,,
2674,"SERVIGRAF PRODUTOS E SERVIÇOS EPP","Comunicação visual (banners, faixas, sinalização e placas de identificação)","Digitalização de textos","Encadernação de livros/revistas","Impressão gráfica","Informática (suprimentos)",,,,,,,,,,,,,,,,,,,,,,,,,,,,,,,,,,,,,,,
2675,"IMPA INDÚSTRIA DE MÓVEIS PAULISTA LTDA - EPP","Mobiliário",,,,,,,,,,,,,,,,,,,,,,,,,,,,,,,,,,,,,,,,,,,
2676,"MAX CENTER MAT PARA CONSTRUÇÃO LTDA ME","Material elétrico","Material hidráulico","Material para construção","Material para pintura",,,,,,,,,,,,,,,,,,,,,,,,,,,,,,,,,,,,,,,,
2677,"NJG MÓVEIS E DECORAÇÕES LTDA - EPP","Mobiliário",,,,,,,,,,,,,,,,,,,,,,,,,,,,,,,,,,,,,,,,,,,
2678,"nova jmb comercial ltda","Material elétrico","Material hidráulico",,,,,,,,,,,,,,,,,,,,,,,,,,,,,,,,,,,,,,,,,,
2679,"Antonio de Freitas Filho – ME","Comunicação visual (banners, faixas, sinalização e placas de identificação)",,,,,,,,,,,,,,,,,,,,,,,,,,,,,,,,,,,,,,,,,,,
2680,"JATO COMERCIO DE PRODUTOS INDUSTRIALIZADOS LTDA. EPP","Mobiliário",,,,,,,,,,,,,,,,,,,,,,,,,,,,,,,,,,,,,,,,,,,
2681,"ENVISION INDÚSTRIA DE PRODUTOS ELETRONICOS LTDA.","Informática (acessórios e equipamentos)","Informática (suprimentos)",,,,,,,,,,,,,,,,,,,,,,,,,,,,,,,,,,,,,,,,,,
2682,"ARTE IMPRESSA EDITORA LTDA.","Impressão gráfica","Livros",,,,,,,,,,,,,,,,,,,,,,,,,,,,,,,,,,,,,,,,,,
2683,"ABAFIRE COMÉRCIO E SERVIÇOS LTDA","Segurança e proteção",,,,,,,,,,,,,,,,,,,,,,,,,,,,,,,,,,,,,,,,,,,
2684,"A. R. SANTOS & CIA. LTDA","Ferragens e ferramentas","Material hidráulico","Material para construção",,,,,,,,,,,,,,,,,,,,,,,,,,,,,,,,,,,,,,,,,
2685,"COMERCAL COMAG LTDA","Informática (acessórios e equipamentos)","Limpeza e higiene","Material elétrico",,,,,,,,,,,,,,,,,,,,,,,,,,,,,,,,,,,,,,,,,
3856,"AMBI & VERDE SERVICOS E COMERCIO PAISAGISTICO LTDA - ME","Plantas, mudas e insumos",,,,,,,,,,,,,,,,,,,,,,,,,,,,,,,,,,,,,,,,,,,
2687,"FFg Comércios de Suprimentos Ltda EPP","Material de escritório e desenho (papelaria)","Informática (acessórios e equipamentos)","Informática (suprimentos)",,,,,,,,,,,,,,,,,,,,,,,,,,,,,,,,,,,,,,,,,
2688,"Nectel Soluções Inteligentes em Segurança Ltda-me","Segurança e proteção",,,,,,,,,,,,,,,,,,,,,,,,,,,,,,,,,,,,,,,,,,,
2689,"ABEX COML IMPORT E EXPORT LTDA - EPP","Material elétrico","Material para construção","Segurança e proteção",,,,,,,,,,,,,,,,,,,,,,,,,,,,,,,,,,,,,,,,,
2690,"Tintas Lusacor Ltda","Material para pintura",,,,,,,,,,,,,,,,,,,,,,,,,,,,,,,,,,,,,,,,,,,
2691,"Twist Comércio e Serviços Ltda Me","Madeiras","Mobiliário","Serviço de áudio e vídeo","Serviço de serralheria","Tapeçaria e decoração","Vidraçaria",,,,,,,,,,,,,,,,,,,,,,,,,,,,,,,,,,,,,,
2692,"Josmir Comércio de Importação e Exportação Ltda","Ferragens e ferramentas",,,,,,,,,,,,,,,,,,,,,,,,,,,,,,,,,,,,,,,,,,,
2693,"OUROPEL COMERCIAL LTDA","Copa e cozinha","Informática (suprimentos)","Limpeza e higiene","Material de escritório e desenho (papelaria)","Material descartável (copo, guardanapo, papel toalha, papel higiênico e outros)","Material e equipamento de laboratório","Médico-hospitalar",,,,,,,,,,,,,,,,,,,,,,,,,,,,,,,,,,,,,
2694,"SANDRA MARIA NUNES CANHOELLA-EPP","Limpeza e higiene",,,,,,,,,,,,,,,,,,,,,,,,,,,,,,,,,,,,,,,,,,,
2696,"ENGEVEX EQUIPAMENTOS E SERVIÇOS LTDA","Material elétrico","Material hidráulico","Obras e serviços na construção civil","Segurança e proteção",,,,,,,,,,,,,,,,,,,,,,,,,,,,,,,,,,,,,,,,
2697,"RCM COM. DE EQUIPAMENTOS ELETRO ELETRONICOS LTDA - EPP","Copa e cozinha","Eletrodomésticos","Material de escritório e desenho (papelaria)","Ferragens e ferramentas","Informática (acessórios e equipamentos)","Informática (suprimentos)","Livros","Mobiliário",,,,,,,,,,,,,,,,,,,,,,,,,,,,,,,,,,,,
2698,"AYCA COMERCIO DE MATERIAIS PARA ARTES GRAFICAS LTDA","Impressão gráfica","Material e equipamento gráfico","Serviço gráfico (manutenção de máquinas e equipamentos)",,,,,,,,,,,,,,,,,,,,,,,,,,,,,,,,,,,,,,,,,
2699,"Milleniuns Comércio de Produtos de Limpeza Ltda-ME","Limpeza e higiene","Material descartável (copo, guardanapo, papel toalha, papel higiênico e outros)",,,,,,,,,,,,,,,,,,,,,,,,,,,,,,,,,,,,,,,,,,
2700,"ARPEL ARTE EM PAPEL LTDA-EPP","Impressão gráfica","Papéis e cartões",,,,,,,,,,,,,,,,,,,,,,,,,,,,,,,,,,,,,,,,,,
2701,"ELETROPAG COMERCIAL ELETRICA LTDA","Ferragens e ferramentas","Material elétrico","Material hidráulico",,,,,,,,,,,,,,,,,,,,,,,,,,,,,,,,,,,,,,,,,
2702,"COSTA  &  RAMOS  COM. IMP. EXP. DE LIVROS LTDA","Jornais e revistas","Livros",,,,,,,,,,,,,,,,,,,,,,,,,,,,,,,,,,,,,,,,,,
2703,"italia office ind.com.de moveis ltda","Mobiliário",,,,,,,,,,,,,,,,,,,,,,,,,,,,,,,,,,,,,,,,,,,
2704,"LIVRARIA CANUTO LTDA","Livros",,,,,,,,,,,,,,,,,,,,,,,,,,,,,,,,,,,,,,,,,,,
2705,"Publint Publicações Nacionais e Internacionais Ltda","Livros",,,,,,,,,,,,,,,,,,,,,,,,,,,,,,,,,,,,,,,,,,,
2706,"VIA LUMENS AUDIO VIDEO E INFORMATICA LTDA","Audiovisual","Copa e cozinha","Eletrodomésticos","Informática (acessórios e equipamentos)","Refrigeração","Telecomunicações",,,,,,,,,,,,,,,,,,,,,,,,,,,,,,,,,,,,,,
2707,"LIVRARIA I.R. LTDA. - EPP","Jornais e revistas","Livros",,,,,,,,,,,,,,,,,,,,,,,,,,,,,,,,,,,,,,,,,,
2708,"COMACOL COMERCIO DE MATERIAIS DE CONSTRUÇÃO LTDA","Material para construção",,,,,,,,,,,,,,,,,,,,,,,,,,,,,,,,,,,,,,,,,,,
2709,"CGP COMERCIAL","Ferragens e ferramentas","Madeiras","Material elétrico","Material hidráulico","Material para construção","Material para pintura",,,,,,,,,,,,,,,,,,,,,,,,,,,,,,,,,,,,,,
2710,"FABRIPEL COMERCIO E INDUSTRIA DE PAPÉIS LTDA","Papéis e cartões",,,,,,,,,,,,,,,,,,,,,,,,,,,,,,,,,,,,,,,,,,,
2711,"ASSISMAQ COMERCIO E ASSISTENCIA TECNICA DE MAQUINAS LTDA","Material e equipamento gráfico","Serviço gráfico (afiação de faca gráfica)","Serviço gráfico (manutenção de máquinas e equipamentos)",,,,,,,,,,,,,,,,,,,,,,,,,,,,,,,,,,,,,,,,,
2712,"Sonia Regina de Siqueira Trevisan ME","Comunicação visual (banners, faixas, sinalização e placas de identificação)","Copa e cozinha",,,,,,,,,,,,,,,,,,,,,,,,,,,,,,,,,,,,,,,,,,
2713,"JULIANA MOREIRA DA SILVA IVASE CAMPINAS-ME","Refrigeração",,,,,,,,,,,,,,,,,,,,,,,,,,,,,,,,,,,,,,,,,,,
2714,"ANTONIO VICENTE DE OLIVEIRA JUNIOR ME - NSA COMERCIAL","Audiovisual","Combustíveis, gases e lubrificantes","Comunicação visual (banners, faixas, sinalização e placas de identificação)","Copa e cozinha","Eletrodomésticos","Material de escritório e desenho (papelaria)","Ferragens e ferramentas","Gêneros alimentícios","Informática (acessórios e equipamentos)","Informática (softwares)","Informática (suprimentos)","Limpeza e higiene","Material elétrico","Material hidráulico","Material para construção","Material para pintura","Material descartável (copo, guardanapo, papel toalha, papel higiênico e outros)","Material e equipamento gráfico","Médico-hospitalar","Mobiliário","Papéis e cartões","Tapeçaria e decoração","Uniformes","Vidraçaria",,,,,,,,,,,,,,,,,,,,
2715,"LUBRIFICANTES MOEMA PRODUTOS AUTOMOTIVOS E INDUSTRIAIS LTDA","Combustíveis, gases e lubrificantes",,,,,,,,,,,,,,,,,,,,,,,,,,,,,,,,,,,,,,,,,,,
2716,"CENTRAL DISTRIBUIDORA DE PAPÉIS LTDA","Papéis e cartões",,,,,,,,,,,,,,,,,,,,,,,,,,,,,,,,,,,,,,,,,,,
2717,"SENA PEÇAS PARA MÁQUINAS GRÁFICAS LTDA.","Impressão gráfica",,,,,,,,,,,,,,,,,,,,,,,,,,,,,,,,,,,,,,,,,,,
2718,"Moveis D Milar Indsutria e Comercio Ltda","Copa e cozinha","Mobiliário",,,,,,,,,,,,,,,,,,,,,,,,,,,,,,,,,,,,,,,,,,
2719,"C.M.P SERVIÇOS LTDA - ME","Serviço de diagramação","Serviço de revisão de textos acadêmicos","Tradução de textos","Tradução simultânea",,,,,,,,,,,,,,,,,,,,,,,,,,,,,,,,,,,,,,,,
2723,"Semeflex Comércio e Manutenção de Móveis para Escritório Ltda","Tapeçaria e decoração",,,,,,,,,,,,,,,,,,,,,,,,,,,,,,,,,,,,,,,,,,,
2724,"JOSÉ APARECIDO DE OLIVEIRA VIDROS - ME","Serviço de serralheria","Vidraçaria",,,,,,,,,,,,,,,,,,,,,,,,,,,,,,,,,,,,,,,,,,
2725,"A&J EMPREENDIMENTOS COMERCIAIS LTDA EPP","Audiovisual","Chaveiro","Eletrodomésticos","Ferragens e ferramentas","Jornais e revistas","Livros","Madeiras","Material de escritório e desenho (papelaria)","Material e equipamento de laboratório","Material elétrico","Material hidráulico","Material para construção","Material para eventos (sacola, caneta, chaveiro e outros)","Material para pintura","Uniformes","Veículos (peças e acessórios)","Vidraçaria",,,,,,,,,,,,,,,,,,,,,,,,,,,
2726,"Treze Comercial Ltda - Me","Copa e cozinha","Gêneros alimentícios","Limpeza e higiene","Material descartável (copo, guardanapo, papel toalha, papel higiênico e outros)",,,,,,,,,,,,,,,,,,,,,,,,,,,,,,,,,,,,,,,,
2727,"Dieva Pastas Para Eventos Ltda ME","Material para eventos (sacola, caneta, chaveiro e outros)",,,,,,,,,,,,,,,,,,,,,,,,,,,,,,,,,,,,,,,,,,,
2728,"L C RIBEIRO MATERIAIS GRAFICOS","Comunicação visual (banners, faixas, sinalização e placas de identificação)","Material e equipamento gráfico","Papéis e cartões","Produtos químicos","Serviço gráfico (afiação de faca gráfica)",,,,,,,,,,,,,,,,,,,,,,,,,,,,,,,,,,,,,,,
2729,"MAXPEL INFORMÁTICA E PAPELARIA LTDA.","Informática (acessórios e equipamentos)","Informática (suprimentos)","Material descartável (copo, guardanapo, papel toalha, papel higiênico e outros)","Material para eventos (sacola, caneta, chaveiro e outros)","Papéis e cartões",,,,,,,,,,,,,,,,,,,,,,,,,,,,,,,,,,,,,,,
2730,"RODIMAG EQUIPAMENTOS INDUSTRIAIS LTDA","Serviço de serralheria",,,,,,,,,,,,,,,,,,,,,,,,,,,,,,,,,,,,,,,,,,,
2731,"KDL Tecnologia em Iluminação Ltda. (EPP)","Ferragens e ferramentas","Material elétrico",,,,,,,,,,,,,,,,,,,,,,,,,,,,,,,,,,,,,,,,,,
2732,"Micromax Comercio e Serviços em Informatica Ltda - EPP","Informática (acessórios e equipamentos)","Informática (softwares)","Informática (suprimentos)",,,,,,,,,,,,,,,,,,,,,,,,,,,,,,,,,,,,,,,,,
2733,"INDÚSTRIA E COMÉRCIO MÓVEIS KUTZ LTDA.","Madeiras","Mobiliário",,,,,,,,,,,,,,,,,,,,,,,,,,,,,,,,,,,,,,,,,,
2734,"Miori Comércio de Pneus e Acessórios Ltda","Veículos (peças e acessórios)",,,,,,,,,,,,,,,,,,,,,,,,,,,,,,,,,,,,,,,,,,,
2735,"SHALON MADEIRAS LTDA","Madeiras","Material para construção",,,,,,,,,,,,,,,,,,,,,,,,,,,,,,,,,,,,,,,,,,
2736,"IGM MATERIAIS ELETRICOS LTDA - EPP","Ferragens e ferramentas","Material elétrico","Material hidráulico",,,,,,,,,,,,,,,,,,,,,,,,,,,,,,,,,,,,,,,,,
2737,"Four Confecção de Uniformes LTDA","Uniformes",,,,,,,,,,,,,,,,,,,,,,,,,,,,,,,,,,,,,,,,,,,
2738,"Alesco Industria e Comercio Ltda","Médico-hospitalar",,,,,,,,,,,,,,,,,,,,,,,,,,,,,,,,,,,,,,,,,,,
2739,"MARIA GORETI TAVARES DE SOUZA ME","Carimbos","Chaveiro","Digitalização de textos",,,,,,,,,,,,,,,,,,,,,,,,,,,,,,,,,,,,,,,,,
2740,"Art Printer Gráficos Ltda","Impressão gráfica",,,,,,,,,,,,,,,,,,,,,,,,,,,,,,,,,,,,,,,,,,,
3643,"EXTINTORES EXTINFRAN LTDA","Segurança e proteção",,,,,,,,,,,,,,,,,,,,,,,,,,,,,,,,,,,,,,,,,,,
2742,"DISÁGUA DISTRIBUIDORA LTDA","Gêneros alimentícios",,,,,,,,,,,,,,,,,,,,,,,,,,,,,,,,,,,,,,,,,,,
2743,"OMEGA LIMP COMERCIO E SERVIÇOS LTDA","Copa e cozinha","Limpeza e higiene",,,,,,,,,,,,,,,,,,,,,,,,,,,,,,,,,,,,,,,,,,
2744,"L.L.COMÉRCIO DE FERRAMENTAS LTDA","Ferragens e ferramentas",,,,,,,,,,,,,,,,,,,,,,,,,,,,,,,,,,,,,,,,,,,
2745,"PATRICIA RAIA MOVEIS - EPP","Mobiliário",,,,,,,,,,,,,,,,,,,,,,,,,,,,,,,,,,,,,,,,,,,
2746,"ABACOR INDÚSTRIA E COMÉRCIO LTDA.","Material para eventos (sacola, caneta, chaveiro e outros)",,,,,,,,,,,,,,,,,,,,,,,,,,,,,,,,,,,,,,,,,,,
2747,"OMEGATI COMÉRCIO DE INFORMÁTICA LTDA","Audiovisual","Material de escritório e desenho (papelaria)","Informática (acessórios e equipamentos)","Informática (softwares)","Informática (suprimentos)","Serviço gráfico (manutenção de máquinas e equipamentos)",,,,,,,,,,,,,,,,,,,,,,,,,,,,,,,,,,,,,,
2748,"INDUSTRIA GRAFICA BRASILEIRA LTDA","Digitalização de textos","Impressão gráfica","Jornais e revistas","Livros","Material e equipamento gráfico","Papéis e cartões","Serviço gráfico (afiação de faca gráfica)","Serviço gráfico (manutenção de máquinas e equipamentos)",,,,,,,,,,,,,,,,,,,,,,,,,,,,,,,,,,,,
2749,"Livraria  Atlas Ribeirão Ltda","Livros",,,,,,,,,,,,,,,,,,,,,,,,,,,,,,,,,,,,,,,,,,,
2750,"Ivandir Policeno ME","Material e equipamento gráfico","Médico-hospitalar",,,,,,,,,,,,,,,,,,,,,,,,,,,,,,,,,,,,,,,,,,
2751,"SANTO ANDRE LUBRIFICANTES COMERCIO IMPORTACAO E EXPORTACAO LTDA","Combustíveis, gases e lubrificantes",,,,,,,,,,,,,,,,,,,,,,,,,,,,,,,,,,,,,,,,,,,
2752,"Pigma Gráfica e Editora Ltda","Impressão gráfica",,,,,,,,,,,,,,,,,,,,,,,,,,,,,,,,,,,,,,,,,,,
2753,"TOPP TABLE COMERCIO DE UTENSILIOS PARA RESTAURANTE LTDA","Copa e cozinha",,,,,,,,,,,,,,,,,,,,,,,,,,,,,,,,,,,,,,,,,,,
2754,"ECO MAIS COMERCIAL DE MADEIRAS LTDA","Madeiras",,,,,,,,,,,,,,,,,,,,,,,,,,,,,,,,,,,,,,,,,,,
2755,"FONTE ROCHA BRANCA LTDA","Copa e cozinha","Gêneros alimentícios",,,,,,,,,,,,,,,,,,,,,,,,,,,,,,,,,,,,,,,,,,
2756,"J BRILHANTE COMERCIAL LTDA EPP","Copa e cozinha","Gêneros alimentícios","Limpeza e higiene","Material descartável (copo, guardanapo, papel toalha, papel higiênico e outros)","Material para eventos (sacola, caneta, chaveiro e outros)",,,,,,,,,,,,,,,,,,,,,,,,,,,,,,,,,,,,,,,
2757,"Vidraçaria Alto da Lapa Ltda EPP","Vidraçaria",,,,,,,,,,,,,,,,,,,,,,,,,,,,,,,,,,,,,,,,,,,
2758,"Mundial Gráfica LTDA","Comunicação visual (banners, faixas, sinalização e placas de identificação)","Impressão gráfica",,,,,,,,,,,,,,,,,,,,,,,,,,,,,,,,,,,,,,,,,,
2759,"ECO - COMUNICAÇÕES ELETRÔNICAS LTDA ME","Informática (acessórios e equipamentos)","Informática (softwares)","Informática (suprimentos)","Material elétrico","Serviço de áudio e vídeo","Telecomunicações",,,,,,,,,,,,,,,,,,,,,,,,,,,,,,,,,,,,,,
2760,"CORTE RAPIDO COMERCIO DE MADEIRAS LTDA-EPP","Madeiras","Material para construção","Produtos químicos",,,,,,,,,,,,,,,,,,,,,,,,,,,,,,,,,,,,,,,,,
2761,"COMAVE COMERCIO DE MADEIRAS VELASQUES LTDA EPP","Material para construção",,,,,,,,,,,,,,,,,,,,,,,,,,,,,,,,,,,,,,,,,,,
2762,"Affinidade Moveis para Escritorio e Informatica LTDA ME","Mobiliário",,,,,,,,,,,,,,,,,,,,,,,,,,,,,,,,,,,,,,,,,,,
2763,"Adescryn Gráfica Editora Ltda.","Impressão gráfica","Material para eventos (sacola, caneta, chaveiro e outros)",,,,,,,,,,,,,,,,,,,,,,,,,,,,,,,,,,,,,,,,,,
2764,"BRASOFTWARE INFORMATICA LTDA","Cursos e treinamentos","Material e equipamento de laboratório","Informática (softwares)",,,,,,,,,,,,,,,,,,,,,,,,,,,,,,,,,,,,,,,,,
2765,"Thamys Produtos Especiais LTDA EPP","Comunicação visual (banners, faixas, sinalização e placas de identificação)","Encadernação de livros/revistas","Material e equipamento gráfico",,,,,,,,,,,,,,,,,,,,,,,,,,,,,,,,,,,,,,,,,
2766,"FATOR 969 COMERCIAL LTDA ME","Informática (suprimentos)",,,,,,,,,,,,,,,,,,,,,,,,,,,,,,,,,,,,,,,,,,,
2767,"Araxa Comercio e Serviços Ltda - Epp","Madeiras","Material elétrico","Material hidráulico","Material para construção","Material para pintura",,,,,,,,,,,,,,,,,,,,,,,,,,,,,,,,,,,,,,,
3858,"Rita de Cássia Forneiro Jardim-Me","Audiovisual","Organização de eventos e buffet","Serviço de áudio e vídeo","Tradução de textos","Tradução simultânea",,,,,,,,,,,,,,,,,,,,,,,,,,,,,,,,,,,,,,,
2769,"PERSAID COMERCIAL E DISTRIBUIDORA LTDA.","Ferragens e ferramentas","Informática (acessórios e equipamentos)","Informática (suprimentos)","Mobiliário","Obras e serviços na construção civil","Tapeçaria e decoração",,,,,,,,,,,,,,,,,,,,,,,,,,,,,,,,,,,,,,
2770,"COMERCIO DE UTENSILIOS MULTI-USO LTDA","Limpeza e higiene","Material descartável (copo, guardanapo, papel toalha, papel higiênico e outros)",,,,,,,,,,,,,,,,,,,,,,,,,,,,,,,,,,,,,,,,,,
2771,"TANIA DE FÁTIMA GOZZO -ME","Médico-hospitalar","Segurança e proteção","Uniformes",,,,,,,,,,,,,,,,,,,,,,,,,,,,,,,,,,,,,,,,,
2772,"Tintas Famosas Comercio de tintas Ltda","Material para pintura",,,,,,,,,,,,,,,,,,,,,,,,,,,,,,,,,,,,,,,,,,,
2773,"M.M. Sá Comercio e Repres. LTDA","Audiovisual","Copa e cozinha","Eletrodomésticos","Ferragens e ferramentas","Informática (acessórios e equipamentos)","Informática (softwares)","Material elétrico","Material hidráulico","Material para construção","Refrigeração","Segurança e proteção","Telecomunicações",,,,,,,,,,,,,,,,,,,,,,,,,,,,,,,,
2774,"GUIMAR MAGAZINE LTDA","Mobiliário","Tapeçaria e decoração",,,,,,,,,,,,,,,,,,,,,,,,,,,,,,,,,,,,,,,,,,
2775,"JOSÉ AUGUSTO ZABALETA IRIGON","Higienização e restauração de acervo (livros, documentos, slides, microfilmes e outros) ",,,,,,,,,,,,,,,,,,,,,,,,,,,,,,,,,,,,,,,,,,,
2776,"MICROSTART COMÉRCIO DE SUPRIMENTOS PARA INFORMÁTICA LTDA-EPP","Audiovisual","Eletrodomésticos","Informática (acessórios e equipamentos)","Informática (suprimentos)",,,,,,,,,,,,,,,,,,,,,,,,,,,,,,,,,,,,,,,,
2777,"RODITEC RODIZIOS E CARRINHOS INDUSTRIAIS LTDA","Ferragens e ferramentas","Materiais e equipamentos para movimentação de carga",,,,,,,,,,,,,,,,,,,,,,,,,,,,,,,,,,,,,,,,,,
2778,"MARCELO MOURAO ME","Limpeza e higiene","Material descartável (copo, guardanapo, papel toalha, papel higiênico e outros)","Produtos químicos",,,,,,,,,,,,,,,,,,,,,,,,,,,,,,,,,,,,,,,,,
2779,"COMERCIAL DE MADEIRAS RISSO LTDA","Ferragens e ferramentas","Madeiras","Material elétrico","Material hidráulico","Material para construção","Material para pintura",,,,,,,,,,,,,,,,,,,,,,,,,,,,,,,,,,,,,,
2782,"UNIC CENTRAL DISTRIBUIDORA DE MATERIAIS LTDA","Audiovisual","Carimbos","Chaveiro","Comunicação visual (banners, faixas, sinalização e placas de identificação)","Copa e cozinha","Eletrodomésticos","Encadernação de livros/revistas","Material de escritório e desenho (papelaria)","Informática (acessórios e equipamentos)","Informática (suprimentos)","Limpeza e higiene","Livros","Madeiras","Material descartável (copo, guardanapo, papel toalha, papel higiênico e outros)","Material e equipamento gráfico","Mobiliário","Papéis e cartões","Produtos químicos","Refrigeração","Serviço de áudio e vídeo","Tapeçaria e decoração","Telecomunicações","Uniformes","Vidraçaria",,,,,,,,,,,,,,,,,,,,
2783,"Di CONSTAN COMERCIAL LTDA EPP","Equipamentos e produtos para Biblioteca (itens para conservação, restauração, encadernação, detecção magnética e outros)",,,,,,,,,,,,,,,,,,,,,,,,,,,,,,,,,,,,,,,,,,,
2784,"DPS GONÇALVES INDÚSTRIA E COMÉRCIO DE ALIMENTOS LTDA. EPP","Gêneros alimentícios",,,,,,,,,,,,,,,,,,,,,,,,,,,,,,,,,,,,,,,,,,,
2785,"Ulisses Ricardo Pinto","Refrigeração",,,,,,,,,,,,,,,,,,,,,,,,,,,,,,,,,,,,,,,,,,,
2786,"SUPERSET REPROGRAFIA & OFFSET LTDA - EPP","Material e equipamento gráfico","Serviço gráfico (afiação de faca gráfica)",,,,,,,,,,,,,,,,,,,,,,,,,,,,,,,,,,,,,,,,,,
2787,"Maria Isabel Gandolfi Donadi Exp. Imp. - ME","Médico-hospitalar","Mobiliário",,,,,,,,,,,,,,,,,,,,,,,,,,,,,,,,,,,,,,,,,,
2788,"MIXPRO PRODUTOS PARA INFORMATICA LTDA - ME","Audiovisual","Informática (acessórios e equipamentos)","Informática (softwares)","Informática (suprimentos)",,,,,,,,,,,,,,,,,,,,,,,,,,,,,,,,,,,,,,,,
2789,"Bortolini Indústria de Móveis Ltda.","Mobiliário",,,,,,,,,,,,,,,,,,,,,,,,,,,,,,,,,,,,,,,,,,,
2790,"Conquista Comercial de Produtos de Limpeza Ltda - ME","Copa e cozinha","Gêneros alimentícios","Limpeza e higiene","Material descartável (copo, guardanapo, papel toalha, papel higiênico e outros)",,,,,,,,,,,,,,,,,,,,,,,,,,,,,,,,,,,,,,,,
2791,"Damaris Comércio de Móveis e Eletro-Eletrônicos Ltda ME","Eletrodomésticos","Material elétrico","Mobiliário","Refrigeração",,,,,,,,,,,,,,,,,,,,,,,,,,,,,,,,,,,,,,,,
2792,"F.F.Faria Paulilo ME","Mobiliário",,,,,,,,,,,,,,,,,,,,,,,,,,,,,,,,,,,,,,,,,,,
2793,"J.H. GABELLINE MAT.CONST.LTDA","Material para pintura",,,,,,,,,,,,,,,,,,,,,,,,,,,,,,,,,,,,,,,,,,,
2794,"WALDEREZ MAGALI SCHIAVON DE OLIVEIRA-EPP","Mobiliário","Serviço de serralheria","Tapeçaria e decoração","Vidraçaria",,,,,,,,,,,,,,,,,,,,,,,,,,,,,,,,,,,,,,,,
2795,"COMETA MATERIAIS ELÉTRICOS LTDA-EPP","Ferragens e ferramentas","Material elétrico","Material hidráulico",,,,,,,,,,,,,,,,,,,,,,,,,,,,,,,,,,,,,,,,,
2796,"L & T INTERIORES, COMÉRCIO DE MÓVEIS LTDA.","Madeiras","Mobiliário","Obras e serviços na construção civil","Serviço de serralheria","Tapeçaria e decoração",,,,,,,,,,,,,,,,,,,,,,,,,,,,,,,,,,,,,,,
2797,"ETIL COMERCIO DE MATERIAL ELETRICO LTDA","Material elétrico","Segurança e proteção",,,,,,,,,,,,,,,,,,,,,,,,,,,,,,,,,,,,,,,,,,
2798,"NICMA MATERIAIS DE ACABAMENTO LTDA","Material para construção",,,,,,,,,,,,,,,,,,,,,,,,,,,,,,,,,,,,,,,,,,,
2799,"FUNARI E FUNARI INDÚSTRIA DE MÓVEIS DE AÇO LTDA EPP","Mobiliário",,,,,,,,,,,,,,,,,,,,,,,,,,,,,,,,,,,,,,,,,,,
2800,"PAULO SERGIO DEZEN-ME","Carimbos","Chaveiro",,,,,,,,,,,,,,,,,,,,,,,,,,,,,,,,,,,,,,,,,,
2801,"GRÁFICA CART EDITORA LTDA. - ME","Comunicação visual (banners, faixas, sinalização e placas de identificação)","Impressão gráfica","Jornais e revistas","Livros","Papéis e cartões",,,,,,,,,,,,,,,,,,,,,,,,,,,,,,,,,,,,,,,
2802,"Tachinartes Papelaria em Geral Ltda ME","Comunicação visual (banners, faixas, sinalização e placas de identificação)","Impressão gráfica",,,,,,,,,,,,,,,,,,,,,,,,,,,,,,,,,,,,,,,,,,
2804,"Stock Mobile Comércio de Móveis Ltda","Eletrodomésticos","Informática (suprimentos)","Mobiliário","Papéis e cartões",,,,,,,,,,,,,,,,,,,,,,,,,,,,,,,,,,,,,,,,
2805,"ANJU SOLUÇÕES GRAICAS","Chaveiro","Material de escritório e desenho (papelaria)","Impressão gráfica","Informática (acessórios e equipamentos)","Material e equipamento gráfico","Material para eventos (sacola, caneta, chaveiro e outros)","Papéis e cartões","Uniformes",,,,,,,,,,,,,,,,,,,,,,,,,,,,,,,,,,,,
2806,"PREMIER SHOP IMPORTAÇÃO E EXPORTAÇÃO LTDA.","Eletrodomésticos","Material de escritório e desenho (papelaria)","Informática (acessórios e equipamentos)","Material descartável (copo, guardanapo, papel toalha, papel higiênico e outros)","Material para eventos (sacola, caneta, chaveiro e outros)","Papéis e cartões",,,,,,,,,,,,,,,,,,,,,,,,,,,,,,,,,,,,,,
2807,"Lanco Ltda","Mobiliário",,,,,,,,,,,,,,,,,,,,,,,,,,,,,,,,,,,,,,,,,,,
2811,"Artepasta Ind e Com Ltda","Equipamentos e produtos para Biblioteca (itens para conservação, restauração, encadernação, detecção magnética e outros)","Material de escritório e desenho (papelaria)",,,,,,,,,,,,,,,,,,,,,,,,,,,,,,,,,,,,,,,,,,
2812,"Paletrans Equipamentos Ltda","Materiais e equipamentos para movimentação de carga",,,,,,,,,,,,,,,,,,,,,,,,,,,,,,,,,,,,,,,,,,,
2814,"NOZAKI SOLUCOES E TECNOLOGIA LTDA ME","Informática (acessórios e equipamentos)","Informática (softwares)","Informática (suprimentos)",,,,,,,,,,,,,,,,,,,,,,,,,,,,,,,,,,,,,,,,,
2815,"casa nova mercatil de ferragens eletrica e hidraulica ltda.","Material elétrico","Material hidráulico","Material para construção","Material para pintura",,,,,,,,,,,,,,,,,,,,,,,,,,,,,,,,,,,,,,,,
2816,"EQUIFLEX MÓVEIS ESCRITÓRIO LTDA.","Mobiliário",,,,,,,,,,,,,,,,,,,,,,,,,,,,,,,,,,,,,,,,,,,
2817,"CAVIGLIA & CIA. LTDA","Equipamentos e produtos para Biblioteca (itens para conservação, restauração, encadernação, detecção magnética e outros)","Mobiliário",,,,,,,,,,,,,,,,,,,,,,,,,,,,,,,,,,,,,,,,,,
2818,"G HUANG KAE TUNG ME","Material de escritório e desenho (papelaria)","Serviço de áudio e vídeo",,,,,,,,,,,,,,,,,,,,,,,,,,,,,,,,,,,,,,,,,,
2819,"FULL PRIME COMÉRCIO E SERVIÇOS DE INFORMÁTICA LTDA ME","Informática (acessórios e equipamentos)","Informática (softwares)","Informática (suprimentos)",,,,,,,,,,,,,,,,,,,,,,,,,,,,,,,,,,,,,,,,,
2820,"Santaço Indústria de Aço Ltda.","Mobiliário",,,,,,,,,,,,,,,,,,,,,,,,,,,,,,,,,,,,,,,,,,,
2821,"LOBOV CIENTIFICA IMPORTAÇÃO EXPORTAÇÃO COMERCIO DE EQUIPAMENTO PARA LABORATORIOS LTDA","Material e equipamento de laboratório","Médico-hospitalar","Produtos químicos","Refrigeração","Segurança e proteção",,,,,,,,,,,,,,,,,,,,,,,,,,,,,,,,,,,,,,,
2822,"AMARYLLIS PAISAGISMO E JARDINAGEM LTDA","Plantas, mudas e insumos",,,,,,,,,,,,,,,,,,,,,,,,,,,,,,,,,,,,,,,,,,,
2823,"E COMÉRCIO DE MÓVEIS VICTOR LTDA","Mobiliário",,,,,,,,,,,,,,,,,,,,,,,,,,,,,,,,,,,,,,,,,,,
3932,"DIFERENCIAL SUPRIMENTOS E DESCARTAVEIS EIRELI ME","Copa e cozinha","Informática (suprimentos)","Limpeza e higiene","Material descartável (copo, guardanapo, papel toalha, papel higiênico e outros)","Material para eventos (sacola, caneta, chaveiro e outros)","Médico-hospitalar","Papéis e cartões","Segurança e proteção - EPI",,,,,,,,,,,,,,,,,,,,,,,,,,,,,,,,,,,,
2825,"LIVRARIA MEU LIVRINHO COMÉRCIO DE LIVROS LTDA","Livros",,,,,,,,,,,,,,,,,,,,,,,,,,,,,,,,,,,,,,,,,,,
2826,"Ferreira Carvalho - ME","Carimbos","Chaveiro","Comunicação visual (banners, faixas, sinalização e placas de identificação)","Impressão gráfica",,,,,,,,,,,,,,,,,,,,,,,,,,,,,,,,,,,,,,,,
2827,"Jéssica Souza da Mata ME","Carimbos","Chaveiro","Comunicação visual (banners, faixas, sinalização e placas de identificação)","Impressão gráfica",,,,,,,,,,,,,,,,,,,,,,,,,,,,,,,,,,,,,,,,
2828,"Suprimark Brasil Com. de tintas e papéis Ltda","Comunicação visual (banners, faixas, sinalização e placas de identificação)",,,,,,,,,,,,,,,,,,,,,,,,,,,,,,,,,,,,,,,,,,,
2829,"SOMAR COMERCIO E CONTRUÇÕES LTDA","Elevadores","Ferragens e ferramentas","Madeiras","Materiais e equipamentos para movimentação de carga","Material elétrico","Material hidráulico","Material para construção","Material para pintura","Mobiliário","Obras e serviços na construção civil","Serviço de serralheria","Tapeçaria e decoração","Vidraçaria",,,,,,,,,,,,,,,,,,,,,,,,,,,,,,,
2848,"MACPLAST COMÉRCIO DE PLÁSTICOS E ISOLANTES LTDA","Comunicação visual (banners, faixas, sinalização e placas de identificação)","Digitalização de textos","Encadernação de livros/revistas","Equipamentos e produtos para Biblioteca (itens para conservação, restauração, encadernação, detecção magnética e outros)","Impressão gráfica","Papéis e cartões",,,,,,,,,,,,,,,,,,,,,,,,,,,,,,,,,,,,,,
2831,"NEW VISION MANUTENÇÃO E LOCAÇÃO DE PROJETORES LTDA","Audiovisual",,,,,,,,,,,,,,,,,,,,,,,,,,,,,,,,,,,,,,,,,,,
2832,"ANTONINHA XAVIER DOS SANTOS - ME","Uniformes",,,,,,,,,,,,,,,,,,,,,,,,,,,,,,,,,,,,,,,,,,,
2833,"PAJ COM DE PAPEL ART E ARTESANATO LTDA","Material e equipamento de laboratório","Equipamentos e produtos para Biblioteca (itens para conservação, restauração, encadernação, detecção magnética e outros)","Material de escritório e desenho (papelaria)","Higienização e restauração de acervo (livros, documentos, slides, microfilmes e outros) ","Material para pintura","Produtos químicos","Segurança e proteção",,,,,,,,,,,,,,,,,,,,,,,,,,,,,,,,,,,,,
2835,"Board Net Indústria e Comércio de Quadros Eireli - EPP","Comunicação visual (banners, faixas, sinalização e placas de identificação)","Material de escritório e desenho (papelaria)",,,,,,,,,,,,,,,,,,,,,,,,,,,,,,,,,,,,,,,,,,
2836,"SÃO JOÃO ALIMENTOS LTDA","Gêneros alimentícios",,,,,,,,,,,,,,,,,,,,,,,,,,,,,,,,,,,,,,,,,,,
2837,"FLEX MOBILIARIO PARA ESCRITORIO LTDA-ME","Mobiliário",,,,,,,,,,,,,,,,,,,,,,,,,,,,,,,,,,,,,,,,,,,
2838,"Hilda Pires Rossin-ME","Copa e cozinha","Gêneros alimentícios","Material descartável (copo, guardanapo, papel toalha, papel higiênico e outros)",,,,,,,,,,,,,,,,,,,,,,,,,,,,,,,,,,,,,,,,,
2839,"MULTISUPRIMENTOS SUPRIMENTOS E EQUIPAMENTOS PARA ESCRITÓRIO E INFORMÁTICA LTDA","Informática (acessórios e equipamentos)","Informática (softwares)","Informática (suprimentos)",,,,,,,,,,,,,,,,,,,,,,,,,,,,,,,,,,,,,,,,,
2840,"Eletrotécnica Pires LTDA","Material elétrico",,,,,,,,,,,,,,,,,,,,,,,,,,,,,,,,,,,,,,,,,,,
2841,"L. F. SANTOS RIBEIRÃO PRETO - EPP","Material e equipamento de laboratório",,,,,,,,,,,,,,,,,,,,,,,,,,,,,,,,,,,,,,,,,,,
2842,"Editora Daikoku Ltda","Digitalização de textos","Impressão gráfica","Jornais e revistas","Livros","Serviço de áudio e vídeo",,,,,,,,,,,,,,,,,,,,,,,,,,,,,,,,,,,,,,,
2843,"Madegramas Paisagismo Ltda","Plantas, mudas e insumos",,,,,,,,,,,,,,,,,,,,,,,,,,,,,,,,,,,,,,,,,,,
2844,"LED ENCADERNADORA COMÉRCIO E SERVIÇO LTDA ME","Cursos e treinamentos","Encadernação de livros/revistas","Equipamentos e produtos para Biblioteca (itens para conservação, restauração, encadernação, detecção magnética e outros)","Higienização e restauração de acervo (livros, documentos, slides, microfilmes e outros) ","Papéis e cartões",,,,,,,,,,,,,,,,,,,,,,,,,,,,,,,,,,,,,,,
2845,"MARCOS CAMARGO BUENO - ME","Comunicação visual (banners, faixas, sinalização e placas de identificação)",,,,,,,,,,,,,,,,,,,,,,,,,,,,,,,,,,,,,,,,,,,
2849,"VÂNIA TAVARES VIEIRA ME","Carimbos","Eletrodomésticos","Material de escritório e desenho (papelaria)","Impressão gráfica","Informática (acessórios e equipamentos)","Informática (softwares)","Informática (suprimentos)","Jornais e revistas","Material elétrico","Material descartável (copo, guardanapo, papel toalha, papel higiênico e outros)","Material e equipamento gráfico","Material para eventos (sacola, caneta, chaveiro e outros)","Papéis e cartões","Serviço de áudio e vídeo",,,,,,,,,,,,,,,,,,,,,,,,,,,,,,
2847,"MULTI-NOX EQUIP. PARA RESTAURANTES LTDA","Copa e cozinha","Vidraçaria",,,,,,,,,,,,,,,,,,,,,,,,,,,,,,,,,,,,,,,,,,
2850,"VIATRANSFER LOCADORA DE VEÍCULOS LTDA","Transportes",,,,,,,,,,,,,,,,,,,,,,,,,,,,,,,,,,,,,,,,,,,
2851,"Guarutelha Materiais para Construções Ltda-EPP","Material hidráulico","Material para construção","Material para pintura",,,,,,,,,,,,,,,,,,,,,,,,,,,,,,,,,,,,,,,,,
2852,"ELLO ARMAZENAGENS LTDA","Audiovisual","Eletrodomésticos","Informática (acessórios e equipamentos)","Informática (softwares)","Informática (suprimentos)","Refrigeração",,,,,,,,,,,,,,,,,,,,,,,,,,,,,,,,,,,,,,
2853,"VENDASTEC COMÉRCIO DE PRODUTOS HOSPITALARES LTDA-ME","Audiovisual","Material e equipamento de laboratório","Médico-hospitalar","Mobiliário",,,,,,,,,,,,,,,,,,,,,,,,,,,,,,,,,,,,,,,,
2854,"RT DISTRIBUIDORA NACIONAL DE PAPEIS E SUPRIMENOS EIRELI","Informática (suprimentos)","Papéis e cartões",,,,,,,,,,,,,,,,,,,,,,,,,,,,,,,,,,,,,,,,,,
3186,"antonio pereira de moraes serviços me","Mobiliário","Obras e serviços na construção civil","Serviço de marcenaria","Serviço de serralheria",,,,,,,,,,,,,,,,,,,,,,,,,,,,,,,,,,,,,,,,
2857,"Diego Koloszuk Hervelha Moveis EPP","Mobiliário",,,,,,,,,,,,,,,,,,,,,,,,,,,,,,,,,,,,,,,,,,,
2858,"Mobko Industria e Comercio de Moveis EPP","Mobiliário",,,,,,,,,,,,,,,,,,,,,,,,,,,,,,,,,,,,,,,,,,,
2859,"AZS COMERCIAL LTDA ME","Ferragens e ferramentas","Material elétrico","Material hidráulico",,,,,,,,,,,,,,,,,,,,,,,,,,,,,,,,,,,,,,,,,
2860,"TEND INFORMATICA E  SERVIÇOS LTDA","Informática (acessórios e equipamentos)","Informática (softwares)","Informática (suprimentos)","Material de escritório e desenho (papelaria)",,,,,,,,,,,,,,,,,,,,,,,,,,,,,,,,,,,,,,,,
2861,"L&C COMERCIO DE PAPELARIA LTDA EPP","Informática (acessórios e equipamentos)","Limpeza e higiene","Material de escritório e desenho (papelaria)","Material descartável (copo, guardanapo, papel toalha, papel higiênico e outros)",,,,,,,,,,,,,,,,,,,,,,,,,,,,,,,,,,,,,,,,
2862,"PJT EVENTOS E SERVIÇOS LTDA","Audiovisual","Tradução de textos","Tradução simultânea",,,,,,,,,,,,,,,,,,,,,,,,,,,,,,,,,,,,,,,,,
2863,"SUZUPAPER COMERCIO DE PAPELARIA LTDA","Material de escritório e desenho (papelaria)","Material descartável (copo, guardanapo, papel toalha, papel higiênico e outros)",,,,,,,,,,,,,,,,,,,,,,,,,,,,,,,,,,,,,,,,,,
2864,"KOLETA AMBIENTAL LTDA","Transportes",,,,,,,,,,,,,,,,,,,,,,,,,,,,,,,,,,,,,,,,,,,
2866,"ORTOPRATIKA INDUSTRIA E COMERCIO LTDA","Material e equipamento de laboratório","Segurança e proteção",,,,,,,,,,,,,,,,,,,,,,,,,,,,,,,,,,,,,,,,,,
2867,"ARCJ SOLUÇÕES EM TECNOLOGIA DA INFORMAÇÃO LTDA","Audiovisual","Equipamentos e produtos para Biblioteca (itens para conservação, restauração, encadernação, detecção magnética e outros)","Informática (acessórios e equipamentos)","Informática (softwares)","Informática (suprimentos)",,,,,,,,,,,,,,,,,,,,,,,,,,,,,,,,,,,,,,,
2868,"Josemar de Assis Lima","Tapeçaria e decoração",,,,,,,,,,,,,,,,,,,,,,,,,,,,,,,,,,,,,,,,,,,
2869,"Flora Pereira Gonçalves - ME","Livros",,,,,,,,,,,,,,,,,,,,,,,,,,,,,,,,,,,,,,,,,,,
2870,"8com Promoções e Eventos","Comunicação visual (banners, faixas, sinalização e placas de identificação)","Materiais e equipamentos para movimentação de carga","Mobiliário",,,,,,,,,,,,,,,,,,,,,,,,,,,,,,,,,,,,,,,,,
2871,"PRESTOBAT LTDA","Eletrodomésticos","Elevadores","Informática (acessórios e equipamentos)","Materiais e equipamentos para movimentação de carga","Material e equipamento gráfico","Mobiliário","Refrigeração",,,,,,,,,,,,,,,,,,,,,,,,,,,,,,,,,,,,,
2872,"EBSCO BRASIL LTDA.","Jornais e revistas",,,,,,,,,,,,,,,,,,,,,,,,,,,,,,,,,,,,,,,,,,,
2873,"AUREA DAL BÓ TRADUÇÕES LTDA.","Tradução de textos","Tradução simultânea",,,,,,,,,,,,,,,,,,,,,,,,,,,,,,,,,,,,,,,,,,
2874,"MARIO AUGUSTO SILVA PEREIRA EPP","Copa e cozinha","Mobiliário",,,,,,,,,,,,,,,,,,,,,,,,,,,,,,,,,,,,,,,,,,
2875,"flora pereira gonçalves - me","Digitalização de textos","Encadernação de livros/revistas","Livros",,,,,,,,,,,,,,,,,,,,,,,,,,,,,,,,,,,,,,,,,
2876,"Terra Verde Organização de Eventos e Promoções Ltda.","Cursos e treinamentos","Digitalização de textos","Equipamentos e produtos para Biblioteca (itens para conservação, restauração, encadernação, detecção magnética e outros)","Higienização e restauração de acervo (livros, documentos, slides, microfilmes e outros) ",,,,,,,,,,,,,,,,,,,,,,,,,,,,,,,,,,,,,,,,
2877,"ENCADERNADORA SANTO AMARO LTDA EPP","Comunicação visual (banners, faixas, sinalização e placas de identificação)","Encadernação de livros/revistas","Equipamentos e produtos para Biblioteca (itens para conservação, restauração, encadernação, detecção magnética e outros)","Higienização e restauração de acervo (livros, documentos, slides, microfilmes e outros) ","Impressão gráfica","Material e equipamento gráfico","Material para eventos (sacola, caneta, chaveiro e outros)","Papéis e cartões",,,,,,,,,,,,,,,,,,,,,,,,,,,,,,,,,,,,
2878,"Isma Indústria Silveira de Móveis de Aço Ltda.","Mobiliário",,,,,,,,,,,,,,,,,,,,,,,,,,,,,,,,,,,,,,,,,,,
2879,"2 Zoom Vídeo e Produções LTda","Serviço de áudio e vídeo",,,,,,,,,,,,,,,,,,,,,,,,,,,,,,,,,,,,,,,,,,,
2880,"IBEC ENGENHARIA LTDA","Obras e serviços na construção civil","Plantas, mudas e insumos",,,,,,,,,,,,,,,,,,,,,,,,,,,,,,,,,,,,,,,,,,
2881,"Capachos & Capachos Importação e Comércio Ltda.-EPP","Limpeza e higiene","Tapeçaria e decoração",,,,,,,,,,,,,,,,,,,,,,,,,,,,,,,,,,,,,,,,,,
2882,"TECVISUAL COMERCIO E SERVIÇOS","Audiovisual","Informática (acessórios e equipamentos)","Serviço de áudio e vídeo",,,,,,,,,,,,,,,,,,,,,,,,,,,,,,,,,,,,,,,,,
2884,"LORIGRAF LESTE TINTAS ESPECIAIS LTDA","Impressão gráfica","Material e equipamento gráfico","Papéis e cartões","Produtos químicos",,,,,,,,,,,,,,,,,,,,,,,,,,,,,,,,,,,,,,,,
2885,"SÃO FRANCISCO COMERCIAL GARDEN LTDA ME","Madeiras","Obras e serviços na construção civil","Plantas, mudas e insumos",,,,,,,,,,,,,,,,,,,,,,,,,,,,,,,,,,,,,,,,,
2888,"Infotech Systems Comercial e Serviços de Informatica Ltda","Informática (acessórios e equipamentos)","Informática (softwares)","Informática (suprimentos)",,,,,,,,,,,,,,,,,,,,,,,,,,,,,,,,,,,,,,,,,
2889,"Shekinah Materiais para Construção Ltda ME","Ferragens e ferramentas","Madeiras","Material elétrico","Material hidráulico","Material para construção","Material para pintura",,,,,,,,,,,,,,,,,,,,,,,,,,,,,,,,,,,,,,
2890,"Emplaca Automação e Tecnologia Ltda","Comunicação visual (banners, faixas, sinalização e placas de identificação)","Impressão gráfica",,,,,,,,,,,,,,,,,,,,,,,,,,,,,,,,,,,,,,,,,,
2891,"BIGRAPHICS COMERCIO DE PRODUTOS GRÁFICOS LTDA - ME","Impressão gráfica","Material de escritório e desenho (papelaria)","Material descartável (copo, guardanapo, papel toalha, papel higiênico e outros)","Material e equipamento gráfico","Material para eventos (sacola, caneta, chaveiro e outros)","Papéis e cartões","Serviço gráfico (afiação de faca gráfica)","Serviço gráfico (manutenção de máquinas e equipamentos)",,,,,,,,,,,,,,,,,,,,,,,,,,,,,,,,,,,,
2892,"Artplan Indústria e Comércio de Acessórios para Escritório Ltda","Limpeza e higiene","Material e equipamento de laboratório",,,,,,,,,,,,,,,,,,,,,,,,,,,,,,,,,,,,,,,,,,
2893,"Emplaca Serviços Ltda","Comunicação visual (banners, faixas, sinalização e placas de identificação)","Impressão gráfica","Informática (suprimentos)","Papéis e cartões",,,,,,,,,,,,,,,,,,,,,,,,,,,,,,,,,,,,,,,,
2894,"BCE ELETRONICA COMERCIAL LTDA. EPP","Informática (acessórios e equipamentos)","Material elétrico",,,,,,,,,,,,,,,,,,,,,,,,,,,,,,,,,,,,,,,,,,
2895,"NOVALAMP COMERCIAL LTDA-EPP","Audiovisual","Informática (acessórios e equipamentos)","Material elétrico",,,,,,,,,,,,,,,,,,,,,,,,,,,,,,,,,,,,,,,,,
2896,"FHB COMERCIAL ELETRONICA LTDA ME","Audiovisual","Eletrodomésticos","Informática (acessórios e equipamentos)","Material elétrico","Serviço de áudio e vídeo",,,,,,,,,,,,,,,,,,,,,,,,,,,,,,,,,,,,,,,
2897,"STUCK COMERCIAL ELETRONICA LTDA","Serviço de áudio e vídeo",,,,,,,,,,,,,,,,,,,,,,,,,,,,,,,,,,,,,,,,,,,
2898,"FORMATA SOLUÇÕES EM ENERGIA LTDA","Informática (acessórios e equipamentos)",,,,,,,,,,,,,,,,,,,,,,,,,,,,,,,,,,,,,,,,,,,
2899,"TITAN SOLUTIONS EQUIPAMENTOS DE INFORMATICA LTDA","Informática (acessórios e equipamentos)","Informática (softwares)","Informática (suprimentos)",,,,,,,,,,,,,,,,,,,,,,,,,,,,,,,,,,,,,,,,,
2900,"Páginas & Letras Editora e Gráfica Ltda","Comunicação visual (banners, faixas, sinalização e placas de identificação)","Digitalização de textos","Encadernação de livros/revistas","Impressão gráfica","Tradução de textos",,,,,,,,,,,,,,,,,,,,,,,,,,,,,,,,,,,,,,,
2901,"Ambiental Sist. de Higiene e Limpeza, Descartáveis e Copa Ltda-ME","Copa e cozinha","Limpeza e higiene","Material descartável (copo, guardanapo, papel toalha, papel higiênico e outros)","Produtos químicos",,,,,,,,,,,,,,,,,,,,,,,,,,,,,,,,,,,,,,,,
2902,"NEUZA PEREIRA BARBOSA EPP","Audiovisual","Comunicação visual (banners, faixas, sinalização e placas de identificação)","Copa e cozinha","Eletrodomésticos","Ferragens e ferramentas","Informática (acessórios e equipamentos)","Informática (suprimentos)","Madeiras","Materiais e equipamentos para movimentação de carga","Material de escritório e desenho (papelaria)","Material descartável (copo, guardanapo, papel toalha, papel higiênico e outros)","Material e equipamento de laboratório","Material e equipamento gráfico","Material elétrico","Material hidráulico","Material para construção","Material para eventos (sacola, caneta, chaveiro e outros)","Material para pintura","Refrigeração","Vidraçaria",,,,,,,,,,,,,,,,,,,,,,,,
3042,"Anhembi Sampa Comércios e Serviços Ltda-ME","Audiovisual","Carimbos","Comunicação visual (banners, faixas, sinalização e placas de identificação)","Digitalização de textos","Encadernação de livros/revistas","Gêneros alimentícios","Impressão gráfica","Jornais e revistas","Material para eventos (sacola, caneta, chaveiro e outros)","Organização de eventos e buffet","Papéis e cartões","Serviço de áudio e vídeo","Tapeçaria e decoração","Uniformes",,,,,,,,,,,,,,,,,,,,,,,,,,,,,,
2904,"COLUMBIA COMERCIO DE DESCARTAVEIS LTDA","Material descartável (copo, guardanapo, papel toalha, papel higiênico e outros)",,,,,,,,,,,,,,,,,,,,,,,,,,,,,,,,,,,,,,,,,,,
2905,"RTB DISTRIBUIDORA DE MATERIAL ELETRICO LTDA","Informática (acessórios e equipamentos)","Informática (softwares)","Informática (suprimentos)","Material elétrico","Obras e serviços na construção civil",,,,,,,,,,,,,,,,,,,,,,,,,,,,,,,,,,,,,,,
2906,"Leandro Moutinho Caçapava Comércio de Equipamentos de Informática Ltda. EPP","Audiovisual","Eletrodomésticos","Informática (acessórios e equipamentos)","Informática (softwares)","Informática (suprimentos)","Material de escritório e desenho (papelaria)","Material e equipamento gráfico","Telecomunicações",,,,,,,,,,,,,,,,,,,,,,,,,,,,,,,,,,,,
2907,"GGL INDDÚSTRIA DE MÓVEIS DE AÇO LTDA","Mobiliário",,,,,,,,,,,,,,,,,,,,,,,,,,,,,,,,,,,,,,,,,,,
2908,"BNT MOVEIS COMERCIO E SERVIÇOS LTDA","Mobiliário",,,,,,,,,,,,,,,,,,,,,,,,,,,,,,,,,,,,,,,,,,,
2909,"R.N DOS SANTOS COMERCIAL-ME","Material elétrico",,,,,,,,,,,,,,,,,,,,,,,,,,,,,,,,,,,,,,,,,,,
2910,"Labate Papéis Máquinas e Suprimentos Ltda","Material e equipamento gráfico","Papéis e cartões",,,,,,,,,,,,,,,,,,,,,,,,,,,,,,,,,,,,,,,,,,
2911,"Promtec Informática Ltda - ME","Impressão gráfica","Informática (acessórios e equipamentos)","Informática (suprimentos)","Material e equipamento de laboratório","Material e equipamento gráfico","Papéis e cartões",,,,,,,,,,,,,,,,,,,,,,,,,,,,,,,,,,,,,,
2912,"Qualilimp Com.de Mat.de Limp.Ltda","Copa e cozinha","Material descartável (copo, guardanapo, papel toalha, papel higiênico e outros)",,,,,,,,,,,,,,,,,,,,,,,,,,,,,,,,,,,,,,,,,,
2913,"Walter Batista da Silva Projetores ME","Audiovisual","Serviço de áudio e vídeo",,,,,,,,,,,,,,,,,,,,,,,,,,,,,,,,,,,,,,,,,,
2914,"QUALITY CLIMA AR CONDICIONADO LTDA ME","Refrigeração",,,,,,,,,,,,,,,,,,,,,,,,,,,,,,,,,,,,,,,,,,,
2915,"FABIANE MEIRA DE LUNA","Carimbos","Chaveiro","Eletrodomésticos","Encadernação de livros/revistas","Equipamentos e produtos para Biblioteca (itens para conservação, restauração, encadernação, detecção magnética e outros)","Ferragens e ferramentas","Impressão gráfica","Informática (acessórios e equipamentos)","Informática (suprimentos)","Limpeza e higiene","Material de escritório e desenho (papelaria)","Material e equipamento de laboratório","Material e equipamento gráfico","Material para pintura","Papéis e cartões","Vidraçaria",,,,,,,,,,,,,,,,,,,,,,,,,,,,
2916,"TIGER BRASIL COM IMP EXP EQUIP AUDIO E VIDEO LTDA EPP","Audiovisual","Serviço de áudio e vídeo",,,,,,,,,,,,,,,,,,,,,,,,,,,,,,,,,,,,,,,,,,
2917,"PONTUAL COMÉRCIO E ASSISTENCIA TÉCNICA LTDA.","Audiovisual","Comunicação visual (banners, faixas, sinalização e placas de identificação)","Eletrodomésticos","Ferragens e ferramentas","Informática (acessórios e equipamentos)","Informática (softwares)","Informática (suprimentos)","Limpeza e higiene","Materiais e equipamentos para movimentação de carga","Material de escritório e desenho (papelaria)","Material e equipamento de laboratório","Material elétrico","Material hidráulico","Material para construção","Material para pintura","Médico-hospitalar","Mobiliário","Obras e serviços na construção civil","Refrigeração","Segurança e proteção","Serviço de áudio e vídeo","Serviço de serralheria",,,,,,,,,,,,,,,,,,,,,,
2918,"NEUZA MARIA IZZO - ME","Audiovisual","Comunicação visual (banners, faixas, sinalização e placas de identificação)","Eletrodomésticos","Ferragens e ferramentas","Informática (acessórios e equipamentos)","Informática (softwares)","Informática (suprimentos)","Material de escritório e desenho (papelaria)","Material descartável (copo, guardanapo, papel toalha, papel higiênico e outros)","Material e equipamento de laboratório","Material elétrico","Material hidráulico","Material para construção","Material para pintura","Médico-hospitalar","Mobiliário","Obras e serviços na construção civil","Refrigeração","Segurança e proteção","Serviço de áudio e vídeo","Serviço de serralheria","Serviço gráfico (manutenção de máquinas e equipamentos)","Telecomunicações","Vidraçaria",,,,,,,,,,,,,,,,,,,,
2919,"VILLATRADE COM. IMP. E EXP. LTDA","Material descartável (copo, guardanapo, papel toalha, papel higiênico e outros)",,,,,,,,,,,,,,,,,,,,,,,,,,,,,,,,,,,,,,,,,,,
2920,"TRADINTER LOGISTICA DE EVENTOS LTDA","Tradução de textos","Tradução simultânea",,,,,,,,,,,,,,,,,,,,,,,,,,,,,,,,,,,,,,,,,,
2921,"MS Tecnopon Equipamentos Especiais Ltda","Material e equipamento de laboratório",,,,,,,,,,,,,,,,,,,,,,,,,,,,,,,,,,,,,,,,,,,
2922,"Múltipla Suprimentos para Escritório Ltda","Copa e cozinha","Encadernação de livros/revistas","Informática (suprimentos)","Limpeza e higiene","Material de escritório e desenho (papelaria)","Material descartável (copo, guardanapo, papel toalha, papel higiênico e outros)","Material para eventos (sacola, caneta, chaveiro e outros)","Papéis e cartões",,,,,,,,,,,,,,,,,,,,,,,,,,,,,,,,,,,,
2923,"OMEGA BRASIL SOLUCOES EM INFORMATICA IMPORTACAO EXPORTACAO E REPRESENTACAO LTDA","Informática (acessórios e equipamentos)","Informática (softwares)","Informática (suprimentos)",,,,,,,,,,,,,,,,,,,,,,,,,,,,,,,,,,,,,,,,,
2924,"S.Master Comercio de Produtos Promocionais Ltda - ME","Material para eventos (sacola, caneta, chaveiro e outros)",,,,,,,,,,,,,,,,,,,,,,,,,,,,,,,,,,,,,,,,,,,
2925,"Raybym Serviços de Instalações e Manutenção Predial LTDA","Material elétrico","Material para pintura","Obras e serviços na construção civil","Refrigeração","Segurança e proteção","Telecomunicações",,,,,,,,,,,,,,,,,,,,,,,,,,,,,,,,,,,,,,
2926,"Uno Comércio de Materiais Elétricos Ltda.","Ferragens e ferramentas","Material elétrico","Material hidráulico","Material para construção","Material para pintura",,,,,,,,,,,,,,,,,,,,,,,,,,,,,,,,,,,,,,,
2927,"João Moro Serviços Automotivos Ltda.","Veículos (peças e acessórios)",,,,,,,,,,,,,,,,,,,,,,,,,,,,,,,,,,,,,,,,,,,
2928,"Atual Comercial Elétrica Ltda.","Ferragens e ferramentas","Material elétrico","Material hidráulico","Material para construção","Obras e serviços na construção civil",,,,,,,,,,,,,,,,,,,,,,,,,,,,,,,,,,,,,,,
2931,"GAMA COMERCIO DE ARTEFATOS DE METAIS LTDA","Limpeza e higiene",,,,,,,,,,,,,,,,,,,,,,,,,,,,,,,,,,,,,,,,,,,
2932,"R.M.S COMERCIO DE PRODUTOS ELETRONICOS LTDA","Audiovisual","Eletrodomésticos","Informática (acessórios e equipamentos)","Informática (softwares)","Refrigeração","Telecomunicações",,,,,,,,,,,,,,,,,,,,,,,,,,,,,,,,,,,,,,
2955,"IBF Indústria Brasileira de Filmes SA","Material e equipamento gráfico","Produtos químicos",,,,,,,,,,,,,,,,,,,,,,,,,,,,,,,,,,,,,,,,,,
2935,"Bolivar Comercial de EmbalagensDescartaveis e Prestação de Serviços de Limpeza e Higienização Ltda","Copa e cozinha","Limpeza e higiene","Material descartável (copo, guardanapo, papel toalha, papel higiênico e outros)","Papéis e cartões","Produtos químicos",,,,,,,,,,,,,,,,,,,,,,,,,,,,,,,,,,,,,,,
2936,"TRYPLINE INDUSTRIA DE CONDUTORES ELETRICOS LTDA","Material elétrico",,,,,,,,,,,,,,,,,,,,,,,,,,,,,,,,,,,,,,,,,,,
2937,"INTER SHOPPING COMÉRCIO DE MÓVEIS LTDA - ME","Eletrodomésticos","Mobiliário",,,,,,,,,,,,,,,,,,,,,,,,,,,,,,,,,,,,,,,,,,
3640,"WILSON R. ALMEIDA PERSIANAS - ME","Tapeçaria e decoração",,,,,,,,,,,,,,,,,,,,,,,,,,,,,,,,,,,,,,,,,,,
2939,"COMÉRCIO E LOCAÇÕES DE EQUIPAMENTOS GREENSOUND LTDA.","Audiovisual","Tradução simultânea",,,,,,,,,,,,,,,,,,,,,,,,,,,,,,,,,,,,,,,,,,
2940,"UNICONSULT CONSULTORIA E TRADUÇÕES. S/S LTDA","Tradução de textos","Tradução simultânea",,,,,,,,,,,,,,,,,,,,,,,,,,,,,,,,,,,,,,,,,,
2941,"MGM-TS Locação de Equipamentos de Áudio Ltda - ME.","Tradução simultânea",,,,,,,,,,,,,,,,,,,,,,,,,,,,,,,,,,,,,,,,,,,
2942,"Alessandro de Barros ME","Tradução simultânea",,,,,,,,,,,,,,,,,,,,,,,,,,,,,,,,,,,,,,,,,,,
2943,"WEV INDÚSTRIA, COMÉRCIO E LOCAÇÃO LTDA","Serviço de áudio e vídeo","Tradução simultânea",,,,,,,,,,,,,,,,,,,,,,,,,,,,,,,,,,,,,,,,,,
3427,"VIA LUMENS AUDIO VIDEO E INFORMATICA LTDA","Audiovisual","Copa e cozinha","Eletrodomésticos","Refrigeração","Telecomunicações",,,,,,,,,,,,,,,,,,,,,,,,,,,,,,,,,,,,,,,
2945,"Force One Comercio e Locação de Equiptos. Ltda Me","Audiovisual","Informática (acessórios e equipamentos)","Serviço de áudio e vídeo","Tradução de textos","Tradução simultânea",,,,,,,,,,,,,,,,,,,,,,,,,,,,,,,,,,,,,,,
2946,"Ecogreen Comercio Var. de Coleores LTDA","Limpeza e higiene",,,,,,,,,,,,,,,,,,,,,,,,,,,,,,,,,,,,,,,,,,,
2947,"CRW SUPRIMENTOS DE INFORMÁTICA LTDA","Informática (suprimentos)",,,,,,,,,,,,,,,,,,,,,,,,,,,,,,,,,,,,,,,,,,,
2948,"GABRIELA ALBERTO MARTINS ME","Copa e cozinha","Limpeza e higiene","Material descartável (copo, guardanapo, papel toalha, papel higiênico e outros)",,,,,,,,,,,,,,,,,,,,,,,,,,,,,,,,,,,,,,,,,
2950,"GRÁFICA CAVALIERI-SP LTDA ME","Impressão gráfica",,,,,,,,,,,,,,,,,,,,,,,,,,,,,,,,,,,,,,,,,,,
2951,"IHD de Almeida EPP","Mobiliário",,,,,,,,,,,,,,,,,,,,,,,,,,,,,,,,,,,,,,,,,,,
2952,"Arquicad, Arq. e Serviços Técnicos Ltda.","Tradução de textos","Tradução simultânea",,,,,,,,,,,,,,,,,,,,,,,,,,,,,,,,,,,,,,,,,,
2957,"SMS TECNOLOGIA ELETRÔNICA LTDA","Informática (acessórios e equipamentos)","Material e equipamento de laboratório","Material elétrico",,,,,,,,,,,,,,,,,,,,,,,,,,,,,,,,,,,,,,,,,
2958,"ADS PAISAGISMO LTDA ME","Plantas, mudas e insumos",,,,,,,,,,,,,,,,,,,,,,,,,,,,,,,,,,,,,,,,,,,
2959,"OitoPontoCom Comunicação Ltda.","Audiovisual","Digitalização de textos","Higienização e restauração de acervo (livros, documentos, slides, microfilmes e outros) ","Serviço de áudio e vídeo",,,,,,,,,,,,,,,,,,,,,,,,,,,,,,,,,,,,,,,,
3428,"TECNO-AR SERVIÇOS DE REFRIGERAÇÃO LTDA","Material elétrico","Refrigeração",,,,,,,,,,,,,,,,,,,,,,,,,,,,,,,,,,,,,,,,,,
2961,"LUX MAIOR COMERCIAL LTDA EPP","Material elétrico",,,,,,,,,,,,,,,,,,,,,,,,,,,,,,,,,,,,,,,,,,,
2962,"FAST TRACK EVENTOS DE TRADUÇÃO SIMULTÂNEA S/S LTDA","Tradução simultânea",,,,,,,,,,,,,,,,,,,,,,,,,,,,,,,,,,,,,,,,,,,
2965,"Mend Comercio e Serviços Eletronicos LTDA- EPP","Telecomunicações",,,,,,,,,,,,,,,,,,,,,,,,,,,,,,,,,,,,,,,,,,,
2969,"IPCOM COMERCIAL LTDA - ME","Material elétrico",,,,,,,,,,,,,,,,,,,,,,,,,,,,,,,,,,,,,,,,,,,
2968,"TEBEL SUPRIMENTOS DE ESCRITÓRIO E INFORMÁTICA LTDA","Copa e cozinha","Informática (acessórios e equipamentos)","Informática (suprimentos)","Limpeza e higiene","Livros","Material de escritório e desenho (papelaria)","Material descartável (copo, guardanapo, papel toalha, papel higiênico e outros)","Papéis e cartões",,,,,,,,,,,,,,,,,,,,,,,,,,,,,,,,,,,,
2970,"BOLLATEL COMERCIO E SERVIÇOS LTDA","Telecomunicações",,,,,,,,,,,,,,,,,,,,,,,,,,,,,,,,,,,,,,,,,,,
2971,"HILSON GRANJA DA SILVA -UNIFORMES -ME","Uniformes",,,,,,,,,,,,,,,,,,,,,,,,,,,,,,,,,,,,,,,,,,,
2972,"IGM materiais eletricos ltda","Ferragens e ferramentas","Informática (acessórios e equipamentos)","Material elétrico",,,,,,,,,,,,,,,,,,,,,,,,,,,,,,,,,,,,,,,,,
2973,"VEC ENGENHARIA E GESTÃO LTDA","Obras e serviços na construção civil",,,,,,,,,,,,,,,,,,,,,,,,,,,,,,,,,,,,,,,,,,,
2974,"SENAL CONSTRUÇÕES E COMÉRCIO LTDA","Obras e serviços na construção civil",,,,,,,,,,,,,,,,,,,,,,,,,,,,,,,,,,,,,,,,,,,
2975,"Roberto Silvani de Pinho 29589632840","Copa e cozinha","Eletrodomésticos","Gêneros alimentícios","Refrigeração",,,,,,,,,,,,,,,,,,,,,,,,,,,,,,,,,,,,,,,,
2976,"GTP - Grupo Técnico de Projetos S/S Ltda","Obras e serviços na construção civil",,,,,,,,,,,,,,,,,,,,,,,,,,,,,,,,,,,,,,,,,,,
2977,"INOVATH EXPRESS LTDA","Transportes",,,,,,,,,,,,,,,,,,,,,,,,,,,,,,,,,,,,,,,,,,,
2978,"Office Arquitetura e Planejamento Ltda","Obras e serviços na construção civil",,,,,,,,,,,,,,,,,,,,,,,,,,,,,,,,,,,,,,,,,,,
2979,"Support Produtos Nutricionais Ltda.","Gêneros alimentícios","Médico-hospitalar",,,,,,,,,,,,,,,,,,,,,,,,,,,,,,,,,,,,,,,,,,
2980,"luiz fernando baptistão arena me","Mobiliário",,,,,,,,,,,,,,,,,,,,,,,,,,,,,,,,,,,,,,,,,,,
2981,"D'FATTO INDUSTRIA E COMERCIO DE DIVISÓRIAS LTDA","Mobiliário","Obras e serviços na construção civil",,,,,,,,,,,,,,,,,,,,,,,,,,,,,,,,,,,,,,,,,,
2982,"FORTLINE INDÚSTRIA E COMÉRCIO DE MÓVEIS LTDA","Mobiliário",,,,,,,,,,,,,,,,,,,,,,,,,,,,,,,,,,,,,,,,,,,
2983,"ARES LINE LATINOAMERICA S/A","Mobiliário",,,,,,,,,,,,,,,,,,,,,,,,,,,,,,,,,,,,,,,,,,,
2985,"Anderson Lopes da Silva ME","Refrigeração",,,,,,,,,,,,,,,,,,,,,,,,,,,,,,,,,,,,,,,,,,,
2988,"GALDINO COMERCIAL LTDA-ME","Combustíveis, gases e lubrificantes","Copa e cozinha","Eletrodomésticos","Encadernação de livros/revistas","Equipamentos e produtos para Biblioteca (itens para conservação, restauração, encadernação, detecção magnética e outros)","Ferragens e ferramentas","Gêneros alimentícios","Higienização e restauração de acervo (livros, documentos, slides, microfilmes e outros) ","Informática (acessórios e equipamentos)","Informática (softwares)","Informática (suprimentos)","Jornais e revistas","Limpeza e higiene","Livros","Madeiras","Materiais e equipamentos para movimentação de carga","Material de escritório e desenho (papelaria)","Material descartável (copo, guardanapo, papel toalha, papel higiênico e outros)","Material e equipamento de laboratório","Material e equipamento gráfico","Material elétrico","Material hidráulico","Material para construção","Material para eventos (sacola, caneta, chaveiro e outros)","Material para pintura","Médico-hospitalar","Mobiliário","Papéis e cartões","Plantas, mudas e insumos","Produtos químicos","Refrigeração","Tapeçaria e decoração","Telecomunicações","Uniformes","Veículos (peças e acessórios)","Vidraçaria",,,,,,,,
2989,"Fixopar Com. de Parafusos e Ferramentas Ltda","Ferragens e ferramentas","Materiais e equipamentos para movimentação de carga","Material para construção",,,,,,,,,,,,,,,,,,,,,,,,,,,,,,,,,,,,,,,,,
2990,"Catia Regina de Oliveira Albuquerque","Organização de eventos e buffet",,,,,,,,,,,,,,,,,,,,,,,,,,,,,,,,,,,,,,,,,,,
2991,"Christina Rostworowski da Costa - ME","Tradução de textos","Tradução simultânea",,,,,,,,,,,,,,,,,,,,,,,,,,,,,,,,,,,,,,,,,,
2993,"TAPAYUNA COMÉRCIO DE MADEIRAS LTDA","Madeiras",,,,,,,,,,,,,,,,,,,,,,,,,,,,,,,,,,,,,,,,,,,
2994,"LINEN CONFECCOES LTDA","Uniformes",,,,,,,,,,,,,,,,,,,,,,,,,,,,,,,,,,,,,,,,,,,
2995,"Viação Camilo Ltda - ME","Transportes",,,,,,,,,,,,,,,,,,,,,,,,,,,,,,,,,,,,,,,,,,,
2996,"Bureau Idiomas Ltda","Comunicação visual (banners, faixas, sinalização e placas de identificação)","Cursos e treinamentos","Impressão gráfica","Telecomunicações","Tradução de textos","Tradução simultânea",,,,,,,,,,,,,,,,,,,,,,,,,,,,,,,,,,,,,,
2998,"FELTROS BANDEIRA IND. E COM. LTDA","Tapeçaria e decoração",,,,,,,,,,,,,,,,,,,,,,,,,,,,,,,,,,,,,,,,,,,
3001,"Norio Aparecido Fujie 13008606857","Refrigeração",,,,,,,,,,,,,,,,,,,,,,,,,,,,,,,,,,,,,,,,,,,
3005,"COMÉRCIO DE EQUIP. P/ ESCRITÓRIO LTDA","Encadernação de livros/revistas","Equipamentos e produtos para Biblioteca (itens para conservação, restauração, encadernação, detecção magnética e outros)",,,,,,,,,,,,,,,,,,,,,,,,,,,,,,,,,,,,,,,,,,
3006,"VITORIA VENTILADORES LTDA ME","Eletrodomésticos","Elevadores","Ferragens e ferramentas","Informática (acessórios e equipamentos)","Material hidráulico","Refrigeração",,,,,,,,,,,,,,,,,,,,,,,,,,,,,,,,,,,,,,
3009,"TEBEL PRODUTOS DESCARTÁVEIS E LIMPEZA LTDA-ME","Copa e cozinha","Equipamentos e produtos para Biblioteca (itens para conservação, restauração, encadernação, detecção magnética e outros)","Gêneros alimentícios","Informática (acessórios e equipamentos)","Informática (suprimentos)","Limpeza e higiene","Livros","Material de escritório e desenho (papelaria)","Material descartável (copo, guardanapo, papel toalha, papel higiênico e outros)","Papéis e cartões",,,,,,,,,,,,,,,,,,,,,,,,,,,,,,,,,,
3011,"BELL PORT IMPORTAÇÃO E COMERCIO DE INFORMARTICA LTDA","Informática (acessórios e equipamentos)","Informática (softwares)","Informática (suprimentos)","Material de escritório e desenho (papelaria)",,,,,,,,,,,,,,,,,,,,,,,,,,,,,,,,,,,,,,,,
3016,"NOVO CONCEITO MOVEIS  COMERCIO E REPRESENTAÇÃO LTDA- ME","Mobiliário",,,,,,,,,,,,,,,,,,,,,,,,,,,,,,,,,,,,,,,,,,,
3017,"SOMMER COMERCIAL E INFORMATICA LTDA","Informática (acessórios e equipamentos)",,,,,,,,,,,,,,,,,,,,,,,,,,,,,,,,,,,,,,,,,,,
3020,"Sulcel Confecções e Comércio de Brindes Ltda","Comunicação visual (banners, faixas, sinalização e placas de identificação)","Impressão gráfica","Material de escritório e desenho (papelaria)","Material para eventos (sacola, caneta, chaveiro e outros)","Organização de eventos e buffet","Uniformes",,,,,,,,,,,,,,,,,,,,,,,,,,,,,,,,,,,,,,
3021,"Select Comercial Ltda ME","Informática (acessórios e equipamentos)","Informática (softwares)","Informática (suprimentos)","Material elétrico",,,,,,,,,,,,,,,,,,,,,,,,,,,,,,,,,,,,,,,,
3022,"Martec - Produtos e Tecnologia em limpeza Ltda - EPP","Copa e cozinha","Cursos e treinamentos","Limpeza e higiene","Material descartável (copo, guardanapo, papel toalha, papel higiênico e outros)","Material para eventos (sacola, caneta, chaveiro e outros)","Produtos químicos","Segurança e proteção - EPI",,,,,,,,,,,,,,,,,,,,,,,,,,,,,,,,,,,,,
3023,"FERMAZI COMERCIAL DE FERRAGENS LTDA","Ferragens e ferramentas","Material elétrico","Material hidráulico","Material para construção","Material para pintura","Segurança e proteção - EPI",,,,,,,,,,,,,,,,,,,,,,,,,,,,,,,,,,,,,,
3024,"NOVO CONCEITO MOVEIS COMERCIO E REPRESENTAÇÃO LTDA - EPP","Mobiliário",,,,,,,,,,,,,,,,,,,,,,,,,,,,,,,,,,,,,,,,,,,
3211,"EQUIPA MAQUINAS E UTENSILIOS PARA ESCRITORIOS LTDA","Informática (acessórios e equipamentos)","Informática (suprimentos)","Mobiliário",,,,,,,,,,,,,,,,,,,,,,,,,,,,,,,,,,,,,,,,,
3027,"José Saes Junior ME","Obras e serviços na construção civil",,,,,,,,,,,,,,,,,,,,,,,,,,,,,,,,,,,,,,,,,,,
3028,"AD DE OLIVEIRA INSTALAÇÕES - ME","Obras e serviços na construção civil","Telecomunicações",,,,,,,,,,,,,,,,,,,,,,,,,,,,,,,,,,,,,,,,,,
3030,"IHD de Almeida EPP","Mobiliário",,,,,,,,,,,,,,,,,,,,,,,,,,,,,,,,,,,,,,,,,,,
3031,"Casa Vânia Comercio de Vidros Planos Ltda - EPP","Vidraçaria",,,,,,,,,,,,,,,,,,,,,,,,,,,,,,,,,,,,,,,,,,,
3352,"XBRINDES COMÉRCIO DE IMPORTAÇÃO E EXPORTAÇÃO LTDA","Carimbos","Chaveiro","Comunicação visual (banners, faixas, sinalização e placas de identificação)","Encadernação de livros/revistas","Impressão gráfica","Material para eventos (sacola, caneta, chaveiro e outros)","Papéis e cartões",,,,,,,,,,,,,,,,,,,,,,,,,,,,,,,,,,,,,
3033,"MARCELI PEREIRA SEGUNDO NE","Copa e cozinha","Higienização e restauração de acervo (livros, documentos, slides, microfilmes e outros) ","Material descartável (copo, guardanapo, papel toalha, papel higiênico e outros)",,,,,,,,,,,,,,,,,,,,,,,,,,,,,,,,,,,,,,,,,
3034,"BRASLAB MOBILIÁRIOS E EQUIPAMENTOSP/ LABORATÓRIOS LTDA - EPP","Material e equipamento de laboratório",,,,,,,,,,,,,,,,,,,,,,,,,,,,,,,,,,,,,,,,,,,
3040,"CIDADE JARDIM DESIGNER LTDA.","Mobiliário",,,,,,,,,,,,,,,,,,,,,,,,,,,,,,,,,,,,,,,,,,,
3043,"AA SERVIÇOS DE INFORMAÇÃO E APOIO ADMINISTRATIVO","Digitalização de textos","Higienização e restauração de acervo (livros, documentos, slides, microfilmes e outros) ","Informática (softwares)",,,,,,,,,,,,,,,,,,,,,,,,,,,,,,,,,,,,,,,,,
3044,"CRISTIANO ALVES CORREA","Audiovisual","Higienização e restauração de acervo (livros, documentos, slides, microfilmes e outros) ","Organização de eventos e buffet","Serviço de áudio e vídeo",,,,,,,,,,,,,,,,,,,,,,,,,,,,,,,,,,,,,,,,
3047,"SALES EQUIPAMENTOS DE PRODUTOS DE HIGIENE PROFISSIONAL LTDA","Copa e cozinha","Limpeza e higiene","Material descartável (copo, guardanapo, papel toalha, papel higiênico e outros)","Produtos químicos",,,,,,,,,,,,,,,,,,,,,,,,,,,,,,,,,,,,,,,,
3048,"Future Solutions Ltda.","Eletrodomésticos","Ferragens e ferramentas","Informática (acessórios e equipamentos)","Informática (softwares)","Informática (suprimentos)","Limpeza e higiene","Material de escritório e desenho (papelaria)","Material descartável (copo, guardanapo, papel toalha, papel higiênico e outros)","Material elétrico","Material hidráulico","Material para construção","Material para pintura","Papéis e cartões","Refrigeração","Segurança e proteção - EPI","Telecomunicações",,,,,,,,,,,,,,,,,,,,,,,,,,,,
3053,"Valmir Rodrigues Materiais de Escritório-me","Audiovisual","Eletrodomésticos","Ferragens e ferramentas","Materiais e equipamentos para movimentação de carga","Material descartável (copo, guardanapo, papel toalha, papel higiênico e outros)","Material elétrico","Material para pintura","Mobiliário","Refrigeração","Uniformes",,,,,,,,,,,,,,,,,,,,,,,,,,,,,,,,,,
3983,"João Felipe F. Pinheiro","Informática (suprimentos)",,,,,,,,,,,,,,,,,,,,,,,,,,,,,,,,,,,,,,,,,,,
3187,"IT LINE COMERCIO E SERVICOS DE INFORMATICA LTDA","Informática (acessórios e equipamentos)","Informática (softwares)","Informática (suprimentos)",,,,,,,,,,,,,,,,,,,,,,,,,,,,,,,,,,,,,,,,,
3188,"Mad Mais Comercial de Madeiras Ltda","Ferragens e ferramentas","Madeiras",,,,,,,,,,,,,,,,,,,,,,,,,,,,,,,,,,,,,,,,,,
3221,"jefferson l rodrigues magazine epp","Copa e cozinha","Eletrodomésticos","Informática (acessórios e equipamentos)","Informática (softwares)","Informática (suprimentos)","Madeiras","Material de escritório e desenho (papelaria)","Material descartável (copo, guardanapo, papel toalha, papel higiênico e outros)","Material elétrico","Material hidráulico","Material para construção","Material para eventos (sacola, caneta, chaveiro e outros)","Material para pintura","Mobiliário","Mobiliário (móveis de aço)","Obras e serviços na construção civil","Refrigeração","Telecomunicações","Uniformes","Veículos (peças e acessórios)",,,,,,,,,,,,,,,,,,,,,,,,
3218,"Codiform Divisórias, Forros e  Móveis  Ltda","Mobiliário","Serviço de marcenaria",,,,,,,,,,,,,,,,,,,,,,,,,,,,,,,,,,,,,,,,,,
3220,"A F MOTA CARNEIRO ME","Ferragens e ferramentas","Madeiras","Material elétrico","Material hidráulico","Material para construção","Material para pintura",,,,,,,,,,,,,,,,,,,,,,,,,,,,,,,,,,,,,,
3061,"SALES EQUIPAMENTOS E PRODUTOS DE HIGIENE PROFISSIONAL LTDA","Copa e cozinha","Gêneros alimentícios","Material de escritório e desenho (papelaria)","Material descartável (copo, guardanapo, papel toalha, papel higiênico e outros)",,,,,,,,,,,,,,,,,,,,,,,,,,,,,,,,,,,,,,,,
3063,"Jrr Ferragens e Ferramentas","Ferragens e ferramentas","Madeiras","Material elétrico","Material hidráulico","Material para pintura","Segurança e proteção","Segurança e proteção - EPI",,,,,,,,,,,,,,,,,,,,,,,,,,,,,,,,,,,,,
3066,"BB Suprimentos para Escritório e Informática Ltda ME","Mobiliário",,,,,,,,,,,,,,,,,,,,,,,,,,,,,,,,,,,,,,,,,,,
3067,"YPE SHOPPING DAS TINTAS LTDA.","Material para pintura",,,,,,,,,,,,,,,,,,,,,,,,,,,,,,,,,,,,,,,,,,,
